DNI;PLAZOMESESCREDITO;HISTORIALCREDITO;PROPOSITOCREDITO;MONTOCREDITO;SALDOCUENTAAHORROS;TIEMPOEMPLEO;TASAPAGO;ESTADOCIVILYSEXO;GARANTE;AVALUOVIVIENDA;ACTIVOS;EDAD;VIVIENDA;CANTIDADCREDITOSEXISTENTES;EMPLEO;TRABAJADOREXTRANJERO;TIPOCLIENTE
0104600001;6;A34;A43;1169;A65;A75;4;A93;A101;4;A121;67;A152;2;A173;A201;1
0104600002;48;A32;A43;5951;A61;A73;2;A92;A101;2;A121;22;A152;1;A173;A201;2
0104600003;12;A34;A46;2096;A61;A74;2;A93;A101;3;A121;49;A152;1;A172;A201;1
0104600004;42;A32;A42;7882;A61;A74;2;A93;A103;4;A122;45;A153;1;A173;A201;1
0104600005;24;A33;A40;4870;A61;A73;3;A93;A101;4;A124;53;A153;2;A173;A201;2
0104600006;36;A32;A46;9055;A65;A73;2;A93;A101;4;A124;35;A153;1;A172;A201;1
0104600007;24;A32;A42;2835;A63;A75;3;A93;A101;4;A122;53;A152;1;A173;A201;1
0104600008;36;A32;A41;6948;A61;A73;2;A93;A101;2;A123;35;A151;1;A174;A201;1
0104600009;12;A32;A43;3059;A64;A74;2;A91;A101;4;A121;61;A152;1;A172;A201;1
0104600010;30;A34;A40;5234;A61;A71;4;A94;A101;2;A123;28;A152;2;A174;A201;2
0104600011;12;A32;A40;1295;A61;A72;3;A92;A101;1;A123;25;A151;1;A173;A201;2
0104600012;48;A32;A49;4308;A61;A72;3;A92;A101;4;A122;24;A151;1;A173;A201;2
0104600013;12;A32;A43;1567;A61;A73;1;A92;A101;1;A123;22;A152;1;A173;A201;1
0104600014;24;A34;A40;1199;A61;A75;4;A93;A101;4;A123;60;A152;2;A172;A201;2
0104600015;15;A32;A40;1403;A61;A73;2;A92;A101;4;A123;28;A151;1;A173;A201;1
0104600016;24;A32;A43;1282;A62;A73;4;A92;A101;2;A123;32;A152;1;A172;A201;2
0104600017;24;A34;A43;2424;A65;A75;4;A93;A101;4;A122;53;A152;2;A173;A201;1
0104600018;30;A30;A49;8072;A65;A72;2;A93;A101;3;A123;25;A152;3;A173;A201;1
0104600019;24;A32;A41;12579;A61;A75;4;A92;A101;2;A124;44;A153;1;A174;A201;2
0104600020;24;A32;A43;3430;A63;A75;3;A93;A101;2;A123;31;A152;1;A173;A201;1
0104600021;9;A34;A40;2134;A61;A73;4;A93;A101;4;A123;48;A152;3;A173;A201;1
0104600022;6;A32;A43;2647;A63;A73;2;A93;A101;3;A121;44;A151;1;A173;A201;1
0104600023;10;A34;A40;2241;A61;A72;1;A93;A101;3;A121;48;A151;2;A172;A202;1
0104600024;12;A34;A41;1804;A62;A72;3;A93;A101;4;A122;44;A152;1;A173;A201;1
0104600025;10;A34;A42;2069;A65;A73;2;A94;A101;1;A123;26;A152;2;A173;A202;1
0104600026;6;A32;A42;1374;A61;A73;1;A93;A101;2;A121;36;A152;1;A172;A201;1
0104600027;6;A30;A43;426;A61;A75;4;A94;A101;4;A123;39;A152;1;A172;A201;1
0104600028;12;A31;A43;409;A64;A73;3;A92;A101;3;A121;42;A151;2;A173;A201;1
0104600029;7;A32;A43;2415;A61;A73;3;A93;A103;2;A121;34;A152;1;A173;A201;1
0104600030;60;A33;A49;6836;A61;A75;3;A93;A101;4;A124;63;A152;2;A173;A201;2
0104600031;18;A32;A49;1913;A64;A72;3;A94;A101;3;A121;36;A152;1;A173;A201;1
0104600032;24;A32;A42;4020;A61;A73;2;A93;A101;2;A123;27;A152;1;A173;A201;1
0104600033;18;A32;A40;5866;A62;A73;2;A93;A101;2;A123;30;A152;2;A173;A201;1
0104600034;12;A34;A49;1264;A65;A75;4;A93;A101;4;A124;57;A151;1;A172;A201;1
0104600035;12;A32;A42;1474;A61;A72;4;A92;A101;1;A122;33;A152;1;A174;A201;1
0104600036;45;A34;A43;4746;A61;A72;4;A93;A101;2;A122;25;A152;2;A172;A201;2
0104600037;48;A34;A46;6110;A61;A73;1;A93;A101;3;A124;31;A153;1;A173;A201;1
0104600038;18;A32;A43;2100;A61;A73;4;A93;A102;2;A121;37;A152;1;A173;A201;2
0104600039;10;A32;A44;1225;A61;A73;2;A93;A101;2;A123;37;A152;1;A173;A201;1
0104600040;9;A32;A43;458;A61;A73;4;A93;A101;3;A121;24;A152;1;A173;A201;1
0104600041;30;A32;A43;2333;A63;A75;4;A93;A101;2;A123;30;A152;1;A174;A201;1
0104600042;12;A32;A43;1158;A63;A73;3;A91;A101;1;A123;26;A152;1;A173;A201;1
0104600043;18;A33;A45;6204;A61;A73;2;A93;A101;4;A121;44;A152;1;A172;A201;1
0104600044;30;A34;A41;6187;A62;A74;1;A94;A101;4;A123;24;A151;2;A173;A201;1
0104600045;48;A34;A41;6143;A61;A75;4;A92;A101;4;A124;58;A153;2;A172;A201;2
0104600046;11;A34;A40;1393;A61;A72;4;A92;A101;4;A123;35;A152;2;A174;A201;1
0104600047;36;A32;A43;2299;A63;A75;4;A93;A101;4;A123;39;A152;1;A173;A201;1
0104600048;6;A32;A41;1352;A63;A71;1;A92;A101;2;A122;23;A151;1;A171;A201;1
0104600049;11;A34;A40;7228;A61;A73;1;A93;A101;4;A122;39;A152;2;A172;A201;1
0104600050;12;A32;A43;2073;A62;A73;4;A92;A102;2;A121;28;A152;1;A173;A201;1
0104600051;24;A33;A42;2333;A65;A72;4;A93;A101;2;A122;29;A152;1;A172;A201;1
0104600052;27;A33;A41;5965;A61;A75;1;A93;A101;2;A123;30;A152;2;A174;A201;1
0104600053;12;A32;A43;1262;A61;A73;3;A93;A101;2;A123;25;A152;1;A173;A201;1
0104600054;18;A32;A41;3378;A65;A73;2;A93;A101;1;A122;31;A152;1;A173;A201;1
0104600055;36;A33;A40;2225;A61;A75;4;A93;A101;4;A124;57;A153;2;A173;A201;2
0104600056;6;A31;A40;783;A65;A73;1;A93;A103;2;A121;26;A152;1;A172;A201;1
0104600057;12;A32;A43;6468;A65;A71;2;A93;A101;1;A124;52;A152;1;A174;A201;2
0104600058;36;A34;A43;9566;A61;A73;2;A92;A101;2;A123;31;A152;2;A173;A201;1
0104600059;18;A32;A40;1961;A61;A75;3;A92;A101;2;A123;23;A152;1;A174;A201;1
0104600060;36;A34;A42;6229;A61;A72;4;A92;A102;4;A124;23;A151;2;A172;A201;2
0104600061;9;A32;A49;1391;A61;A73;2;A94;A101;1;A121;27;A152;1;A173;A201;1
0104600062;15;A34;A43;1537;A65;A75;4;A93;A103;4;A121;50;A152;2;A173;A201;1
0104600063;36;A30;A49;1953;A61;A75;4;A93;A101;4;A124;61;A153;1;A174;A201;2
0104600064;48;A30;A49;14421;A61;A73;2;A93;A101;2;A123;25;A152;1;A173;A201;2
0104600065;24;A32;A43;3181;A61;A72;4;A92;A101;4;A122;26;A152;1;A173;A201;1
0104600066;27;A32;A45;5190;A65;A75;4;A93;A101;4;A122;48;A152;4;A173;A201;1
0104600067;12;A32;A43;2171;A61;A72;2;A92;A101;2;A123;29;A152;1;A173;A201;1
0104600068;12;A32;A40;1007;A64;A73;4;A94;A101;1;A121;22;A152;1;A173;A201;1
0104600069;36;A32;A46;1819;A61;A73;4;A93;A101;4;A124;37;A153;1;A173;A201;2
0104600070;36;A32;A43;2394;A65;A73;4;A92;A101;4;A123;25;A152;1;A173;A201;1
0104600071;36;A32;A41;8133;A61;A73;1;A92;A101;2;A122;30;A152;1;A173;A201;1
0104600072;7;A34;A43;730;A65;A75;4;A93;A101;2;A122;46;A151;2;A172;A201;1
0104600073;8;A34;A410;1164;A61;A75;3;A93;A101;4;A124;51;A153;2;A174;A201;1
0104600074;42;A34;A49;5954;A61;A74;2;A92;A101;1;A121;41;A152;2;A172;A201;1
0104600075;36;A32;A46;1977;A65;A75;4;A93;A101;4;A124;40;A152;1;A174;A201;2
0104600076;12;A34;A41;1526;A61;A75;4;A93;A101;4;A124;66;A153;2;A174;A201;1
0104600077;42;A32;A43;3965;A61;A72;4;A93;A101;3;A123;34;A152;1;A173;A201;2
0104600078;11;A33;A43;4771;A61;A74;2;A93;A101;4;A122;51;A152;1;A173;A201;1
0104600079;54;A30;A41;9436;A65;A73;2;A93;A101;2;A122;39;A152;1;A172;A201;1
0104600080;30;A32;A42;3832;A61;A72;2;A94;A101;1;A122;22;A152;1;A173;A201;1
0104600081;24;A32;A43;5943;A65;A72;1;A92;A101;1;A123;44;A152;2;A173;A201;2
0104600082;15;A32;A43;1213;A63;A75;4;A93;A101;3;A122;47;A152;1;A173;A201;1
0104600083;18;A32;A49;1568;A62;A73;3;A92;A101;4;A122;24;A151;1;A172;A201;1
0104600084;24;A32;A410;1755;A61;A75;4;A92;A103;4;A121;58;A152;1;A172;A201;1
0104600085;10;A32;A43;2315;A61;A75;3;A93;A101;4;A121;52;A152;1;A172;A201;1
0104600086;12;A34;A49;1412;A61;A73;4;A92;A103;2;A121;29;A152;2;A174;A201;1
0104600087;18;A34;A42;1295;A61;A72;4;A92;A101;1;A122;27;A152;2;A173;A201;1
0104600088;36;A32;A46;12612;A62;A73;1;A93;A101;4;A124;47;A153;1;A173;A201;2
0104600089;18;A32;A40;2249;A62;A74;4;A93;A101;3;A123;30;A152;1;A174;A201;1
0104600090;12;A30;A45;1108;A61;A74;4;A93;A101;3;A121;28;A152;2;A173;A201;2
0104600091;12;A34;A43;618;A61;A75;4;A93;A101;4;A121;56;A152;1;A173;A201;1
0104600092;12;A34;A41;1409;A61;A75;4;A93;A101;3;A121;54;A152;1;A173;A201;1
0104600093;12;A34;A43;797;A65;A75;4;A92;A101;3;A122;33;A152;1;A172;A201;2
0104600094;24;A34;A42;3617;A65;A75;4;A93;A102;4;A124;20;A151;2;A173;A201;1
0104600095;12;A32;A40;1318;A64;A75;4;A93;A101;4;A121;54;A152;1;A173;A201;1
0104600096;54;A30;A49;15945;A61;A72;3;A93;A101;4;A124;58;A151;1;A173;A201;2
0104600097;12;A34;A46;2012;A65;A74;4;A92;A101;2;A123;61;A152;1;A173;A201;1
0104600098;18;A32;A49;2622;A62;A73;4;A93;A101;4;A123;34;A152;1;A173;A201;1
0104600099;36;A34;A43;2337;A61;A75;4;A93;A101;4;A121;36;A152;1;A173;A201;1
0104600100;20;A33;A41;7057;A65;A74;3;A93;A101;4;A122;36;A151;2;A174;A201;1
0104600101;24;A32;A40;1469;A62;A75;4;A94;A101;4;A121;41;A151;1;A172;A201;1
0104600102;36;A32;A43;2323;A61;A74;4;A93;A101;4;A123;24;A151;1;A173;A201;1
0104600103;6;A33;A43;932;A61;A73;3;A92;A101;2;A121;24;A152;1;A173;A201;1
0104600104;9;A34;A42;1919;A61;A74;4;A93;A101;3;A123;35;A151;1;A173;A201;1
0104600105;12;A32;A41;2445;A65;A72;2;A94;A101;4;A123;26;A151;1;A173;A201;1
0104600106;24;A34;A410;11938;A61;A73;2;A93;A102;3;A123;39;A152;2;A174;A201;2
0104600107;18;A31;A40;6458;A61;A75;2;A93;A101;4;A124;39;A152;2;A174;A201;2
0104600108;12;A32;A40;6078;A61;A74;2;A93;A101;2;A123;32;A152;1;A173;A201;1
0104600109;24;A32;A42;7721;A65;A72;1;A92;A101;2;A122;30;A152;1;A173;A202;1
0104600110;14;A32;A49;1410;A63;A75;1;A94;A101;2;A121;35;A152;1;A173;A201;1
0104600111;6;A33;A49;1449;A62;A75;1;A91;A101;2;A123;31;A152;2;A173;A201;1
0104600112;15;A32;A46;392;A61;A72;4;A92;A101;4;A122;23;A151;1;A173;A201;1
0104600113;18;A32;A40;6260;A61;A74;3;A93;A101;3;A121;28;A151;1;A172;A201;1
0104600114;36;A34;A40;7855;A61;A73;4;A92;A101;2;A121;25;A152;2;A173;A201;2
0104600115;12;A32;A43;1680;A63;A75;3;A94;A101;1;A121;35;A152;1;A173;A201;1
0104600116;48;A34;A43;3578;A65;A75;4;A93;A101;1;A121;47;A152;1;A173;A201;1
0104600117;42;A32;A43;7174;A65;A74;4;A92;A101;3;A123;30;A152;1;A174;A201;2
0104600118;10;A34;A42;2132;A65;A72;2;A92;A102;3;A121;27;A151;2;A173;A202;1
0104600119;33;A34;A42;4281;A63;A73;1;A92;A101;4;A123;23;A152;2;A173;A201;2
0104600120;12;A34;A40;2366;A63;A74;3;A91;A101;3;A123;36;A152;1;A174;A201;1
0104600121;21;A32;A43;1835;A61;A73;3;A92;A101;2;A121;25;A152;2;A173;A201;2
0104600122;24;A34;A41;3868;A61;A75;4;A92;A101;2;A123;41;A151;2;A174;A201;1
0104600123;12;A32;A42;1768;A61;A73;3;A93;A101;2;A121;24;A151;1;A172;A201;1
0104600124;10;A34;A40;781;A61;A75;4;A93;A101;4;A124;63;A153;2;A173;A201;1
0104600125;18;A32;A42;1924;A65;A72;4;A92;A101;3;A121;27;A151;1;A173;A201;2
0104600126;12;A34;A40;2121;A61;A73;4;A93;A101;2;A122;30;A152;2;A173;A201;1
0104600127;12;A32;A43;701;A61;A73;4;A94;A101;2;A121;40;A152;1;A172;A201;1
0104600128;12;A32;A45;639;A61;A73;4;A93;A101;2;A123;30;A152;1;A173;A201;2
0104600129;12;A34;A41;1860;A61;A71;4;A93;A101;2;A123;34;A152;2;A174;A201;1
0104600130;12;A34;A40;3499;A61;A73;3;A92;A102;2;A121;29;A152;2;A173;A201;2
0104600131;48;A32;A40;8487;A65;A74;1;A92;A101;2;A123;24;A152;1;A173;A201;1
0104600132;36;A33;A46;6887;A61;A73;4;A93;A101;3;A122;29;A152;1;A173;A201;2
0104600133;15;A32;A42;2708;A61;A72;2;A93;A101;3;A122;27;A152;2;A172;A201;1
0104600134;18;A32;A42;1984;A61;A73;4;A93;A101;4;A124;47;A153;2;A173;A201;1
0104600135;60;A32;A43;10144;A62;A74;2;A92;A101;4;A121;21;A152;1;A173;A201;1
0104600136;12;A34;A43;1240;A65;A75;4;A92;A101;2;A121;38;A152;2;A173;A201;1
0104600137;27;A33;A41;8613;A64;A73;2;A93;A101;2;A123;27;A152;2;A173;A201;1
0104600138;12;A32;A43;766;A63;A73;4;A93;A101;3;A121;66;A152;1;A172;A201;2
0104600139;15;A34;A43;2728;A65;A74;4;A93;A103;2;A121;35;A152;3;A173;A201;1
0104600140;12;A32;A43;1881;A61;A73;2;A92;A101;2;A123;44;A151;1;A172;A201;1
0104600141;6;A32;A40;709;A64;A72;2;A94;A101;2;A121;27;A152;1;A171;A202;1
0104600142;36;A32;A43;4795;A61;A72;4;A92;A101;1;A124;30;A152;1;A174;A201;1
0104600143;27;A32;A43;3416;A61;A73;3;A93;A101;2;A123;27;A152;1;A174;A201;1
0104600144;18;A32;A42;2462;A61;A73;2;A93;A101;2;A123;22;A152;1;A173;A201;2
0104600145;21;A34;A42;2288;A61;A72;4;A92;A101;4;A122;23;A152;1;A173;A201;1
0104600146;48;A31;A49;3566;A62;A74;4;A93;A101;2;A123;30;A152;1;A173;A201;1
0104600147;6;A34;A40;860;A61;A75;1;A92;A101;4;A124;39;A152;2;A173;A201;1
0104600148;12;A34;A40;682;A62;A74;4;A92;A101;3;A123;51;A152;2;A173;A201;1
0104600149;36;A34;A42;5371;A61;A73;3;A93;A103;2;A122;28;A152;2;A173;A201;1
0104600150;18;A34;A43;1582;A64;A75;4;A93;A101;4;A123;46;A152;2;A173;A201;1
0104600151;6;A32;A43;1346;A62;A75;2;A93;A101;4;A124;42;A153;1;A173;A201;1
0104600152;10;A32;A43;1924;A61;A73;1;A93;A101;4;A122;38;A152;1;A173;A202;1
0104600153;36;A32;A43;5848;A61;A73;4;A93;A101;1;A123;24;A152;1;A173;A201;1
0104600154;24;A34;A41;7758;A64;A75;2;A92;A101;4;A124;29;A151;1;A173;A201;1
0104600155;24;A33;A49;6967;A62;A74;4;A93;A101;4;A123;36;A151;1;A174;A201;1
0104600156;12;A32;A42;1282;A61;A73;2;A92;A101;4;A123;20;A151;1;A173;A201;2
0104600157;9;A34;A45;1288;A62;A75;3;A93;A103;4;A121;48;A152;2;A173;A202;1
0104600158;12;A31;A48;339;A61;A75;4;A94;A101;1;A123;45;A152;1;A172;A201;1
0104600159;24;A32;A40;3512;A62;A74;2;A93;A101;3;A123;38;A152;2;A173;A201;1
0104600160;6;A34;A43;1898;A65;A73;1;A93;A101;2;A121;34;A152;2;A172;A201;1
0104600161;24;A34;A43;2872;A62;A75;3;A93;A101;4;A121;36;A152;1;A173;A201;1
0104600162;18;A34;A40;1055;A61;A72;4;A92;A101;1;A122;30;A152;2;A173;A201;1
0104600163;15;A32;A44;1262;A63;A74;4;A93;A101;3;A122;36;A152;2;A173;A201;1
0104600164;10;A32;A40;7308;A61;A71;2;A93;A101;4;A124;70;A153;1;A174;A201;1
0104600165;36;A32;A40;909;A63;A75;4;A93;A101;4;A122;36;A152;1;A173;A201;1
0104600166;6;A32;A42;2978;A63;A73;1;A93;A101;2;A123;32;A152;1;A173;A201;1
0104600167;18;A32;A42;1131;A61;A71;4;A92;A101;2;A123;33;A152;1;A173;A201;2
0104600168;11;A32;A42;1577;A64;A72;4;A92;A101;1;A121;20;A152;1;A173;A201;1
0104600169;24;A32;A42;3972;A61;A74;2;A92;A101;4;A122;25;A151;1;A173;A201;1
0104600170;24;A34;A49;1935;A61;A75;4;A91;A101;4;A121;31;A152;2;A173;A201;2
0104600171;15;A30;A40;950;A61;A75;4;A93;A101;3;A123;33;A151;2;A173;A201;2
0104600172;12;A32;A42;763;A61;A73;4;A92;A101;1;A121;26;A152;1;A173;A201;1
0104600173;24;A33;A42;2064;A61;A71;3;A92;A101;2;A122;34;A152;1;A174;A201;2
0104600174;8;A32;A43;1414;A61;A73;4;A93;A103;2;A121;33;A152;1;A173;A202;1
0104600175;21;A33;A46;3414;A61;A72;2;A93;A101;1;A122;26;A152;2;A173;A201;2
0104600176;30;A31;A41;7485;A65;A71;4;A92;A101;1;A121;53;A152;1;A174;A201;2
0104600177;12;A32;A42;2577;A61;A73;2;A91;A101;1;A123;42;A152;1;A173;A201;1
0104600178;6;A34;A43;338;A63;A75;4;A93;A101;4;A123;52;A152;2;A173;A201;1
0104600179;12;A32;A43;1963;A61;A74;4;A93;A101;2;A123;31;A151;2;A174;A201;1
0104600180;21;A34;A40;571;A61;A75;4;A93;A101;4;A121;65;A152;2;A173;A201;1
0104600181;36;A33;A49;9572;A61;A72;1;A91;A101;1;A123;28;A152;2;A173;A201;2
0104600182;36;A33;A49;4455;A61;A73;2;A91;A101;2;A121;30;A152;2;A174;A201;2
0104600183;21;A31;A40;1647;A65;A73;4;A93;A101;2;A122;40;A152;2;A172;A201;2
0104600184;24;A34;A42;3777;A64;A73;4;A93;A101;4;A121;50;A152;1;A173;A201;1
0104600185;18;A34;A40;884;A61;A75;4;A93;A101;4;A123;36;A152;1;A173;A201;2
0104600186;15;A34;A43;1360;A61;A73;4;A93;A101;2;A122;31;A152;2;A173;A201;1
0104600187;9;A31;A41;5129;A61;A75;2;A92;A101;4;A124;74;A153;1;A174;A201;2
0104600188;16;A34;A40;1175;A61;A71;2;A93;A101;3;A123;68;A153;3;A171;A201;1
0104600189;12;A32;A43;674;A62;A74;4;A94;A101;1;A122;20;A152;1;A173;A201;2
0104600190;18;A30;A42;3244;A61;A73;1;A92;A101;4;A123;33;A152;2;A173;A201;1
0104600191;24;A32;A49;4591;A64;A73;2;A93;A101;3;A122;54;A152;3;A174;A201;2
0104600192;48;A30;A49;3844;A62;A74;4;A93;A101;4;A124;34;A153;1;A172;A201;2
0104600193;27;A32;A49;3915;A61;A73;4;A93;A101;2;A123;36;A152;1;A173;A201;2
0104600194;6;A32;A43;2108;A61;A74;2;A94;A101;2;A121;29;A151;1;A173;A201;1
0104600195;45;A32;A43;3031;A62;A73;4;A93;A103;4;A122;21;A151;1;A173;A201;2
0104600196;9;A34;A46;1501;A61;A75;2;A92;A101;3;A123;34;A152;2;A174;A201;2
0104600197;6;A34;A43;1382;A61;A73;1;A92;A101;1;A123;28;A152;2;A173;A201;1
0104600198;12;A32;A42;951;A62;A72;4;A92;A101;4;A123;27;A151;4;A173;A201;2
0104600199;24;A32;A41;2760;A65;A75;4;A93;A101;4;A124;36;A153;1;A173;A201;1
0104600200;18;A33;A42;4297;A61;A75;4;A91;A101;3;A124;40;A152;1;A174;A201;2
0104600201;9;A34;A46;936;A63;A75;4;A93;A101;2;A123;52;A152;2;A173;A201;1
0104600202;12;A32;A40;1168;A61;A73;4;A94;A101;3;A121;27;A152;1;A172;A201;1
0104600203;27;A33;A49;5117;A61;A74;3;A93;A101;4;A123;26;A152;2;A173;A201;1
0104600204;12;A32;A48;902;A61;A74;4;A94;A101;4;A122;21;A151;1;A173;A201;2
0104600205;12;A34;A40;1495;A61;A75;4;A93;A101;1;A121;38;A152;2;A172;A201;1
0104600206;30;A34;A41;10623;A61;A75;3;A93;A101;4;A124;38;A153;3;A174;A201;1
0104600207;12;A34;A42;1935;A61;A75;4;A93;A101;4;A121;43;A152;3;A173;A201;1
0104600208;12;A34;A44;1424;A61;A74;4;A93;A101;3;A122;26;A152;1;A173;A201;1
0104600209;24;A32;A49;6568;A61;A73;2;A94;A101;2;A123;21;A152;1;A172;A201;1
0104600210;12;A32;A41;1413;A64;A74;3;A93;A101;2;A122;55;A152;1;A173;A202;1
0104600211;9;A34;A43;3074;A65;A73;1;A93;A101;2;A121;33;A152;2;A173;A201;1
0104600212;36;A32;A43;3835;A65;A75;2;A92;A101;4;A121;45;A152;1;A172;A201;1
0104600213;27;A30;A49;5293;A61;A71;2;A93;A101;4;A122;50;A152;2;A173;A201;2
0104600214;30;A33;A49;1908;A61;A75;4;A93;A101;4;A121;66;A152;1;A174;A201;2
0104600215;36;A34;A43;3342;A65;A75;4;A93;A101;2;A123;51;A152;1;A173;A201;1
0104600216;6;A34;A48;932;A65;A74;1;A92;A101;3;A122;39;A152;2;A172;A201;1
0104600217;18;A30;A49;3104;A61;A74;3;A93;A101;1;A122;31;A152;1;A173;A201;1
0104600218;36;A32;A43;3913;A61;A73;2;A93;A101;2;A121;23;A152;1;A173;A201;1
0104600219;24;A32;A42;3021;A61;A73;2;A91;A101;2;A121;24;A151;1;A172;A201;1
0104600220;10;A32;A40;1364;A61;A73;2;A92;A101;4;A123;64;A152;1;A173;A201;1
0104600221;12;A32;A43;625;A61;A72;4;A94;A103;1;A121;26;A152;1;A172;A201;1
0104600222;12;A32;A46;1200;A65;A73;4;A92;A101;4;A122;23;A151;1;A173;A201;1
0104600223;12;A32;A43;707;A61;A73;4;A93;A101;2;A121;30;A152;2;A173;A201;1
0104600224;24;A33;A49;2978;A65;A73;4;A93;A101;4;A121;32;A152;2;A173;A201;1
0104600225;15;A32;A41;4657;A61;A73;3;A93;A101;2;A123;30;A152;1;A173;A201;1
0104600226;36;A30;A45;2613;A61;A73;4;A93;A101;2;A123;27;A152;2;A173;A201;1
0104600227;48;A32;A43;10961;A64;A74;1;A93;A102;2;A124;27;A152;2;A173;A201;2
0104600228;12;A32;A42;7865;A61;A75;4;A93;A101;4;A124;53;A153;1;A174;A201;2
0104600229;9;A32;A43;1478;A61;A74;4;A93;A101;2;A123;22;A152;1;A173;A201;2
0104600230;24;A32;A42;3149;A61;A72;4;A93;A101;1;A124;22;A153;1;A173;A201;1
0104600231;36;A32;A43;4210;A61;A73;4;A93;A101;2;A123;26;A152;1;A173;A201;2
0104600232;9;A32;A40;2507;A63;A75;2;A93;A101;4;A124;51;A153;1;A172;A201;1
0104600233;12;A32;A43;2141;A62;A74;3;A93;A101;1;A124;35;A152;1;A173;A201;1
0104600234;18;A32;A43;866;A61;A73;4;A94;A103;2;A121;25;A152;1;A172;A201;1
0104600235;4;A34;A43;1544;A61;A74;2;A93;A101;1;A121;42;A152;3;A172;A201;1
0104600236;24;A32;A43;1823;A61;A71;4;A93;A101;2;A123;30;A152;1;A174;A201;2
0104600237;6;A32;A40;14555;A65;A71;1;A93;A101;2;A122;23;A152;1;A171;A201;2
0104600238;21;A32;A49;2767;A62;A75;4;A91;A101;2;A123;61;A151;2;A172;A201;2
0104600239;12;A34;A43;1291;A61;A73;4;A92;A101;2;A122;35;A152;2;A173;A201;1
0104600240;30;A32;A43;2522;A61;A75;1;A93;A103;3;A122;39;A152;1;A173;A201;1
0104600241;24;A32;A40;915;A65;A75;4;A92;A101;2;A123;29;A152;1;A173;A201;2
0104600242;6;A32;A43;1595;A61;A74;3;A93;A101;2;A122;51;A152;1;A173;A201;1
0104600243;48;A30;A41;4605;A61;A75;3;A93;A101;4;A124;24;A153;2;A173;A201;2
0104600244;12;A34;A49;1185;A61;A73;3;A92;A101;2;A121;27;A152;2;A173;A201;1
0104600245;12;A31;A48;3447;A63;A73;4;A92;A101;3;A121;35;A152;1;A172;A201;1
0104600246;24;A32;A49;1258;A61;A74;4;A93;A101;1;A121;25;A152;1;A173;A201;1
0104600247;12;A34;A43;717;A61;A75;4;A93;A101;4;A121;52;A152;3;A173;A201;1
0104600248;6;A30;A40;1204;A62;A73;4;A93;A101;1;A124;35;A151;1;A173;A202;1
0104600249;24;A32;A42;1925;A61;A73;2;A93;A101;2;A121;26;A152;1;A173;A201;1
0104600250;18;A32;A43;433;A61;A71;3;A92;A102;4;A121;22;A151;1;A173;A201;2
0104600251;6;A34;A40;666;A64;A74;3;A92;A101;4;A121;39;A152;2;A172;A201;1
0104600252;12;A32;A42;2251;A61;A73;1;A92;A101;2;A123;46;A152;1;A172;A201;1
0104600253;30;A32;A40;2150;A61;A73;4;A92;A103;2;A124;24;A152;1;A173;A201;2
0104600254;24;A33;A42;4151;A62;A73;2;A93;A101;3;A122;35;A152;2;A173;A201;1
0104600255;9;A32;A42;2030;A65;A74;2;A93;A101;1;A123;24;A152;1;A173;A201;1
0104600256;60;A33;A43;7418;A65;A73;1;A93;A101;1;A121;27;A152;1;A172;A201;1
0104600257;24;A34;A43;2684;A61;A73;4;A93;A101;2;A121;35;A152;2;A172;A201;1
0104600258;12;A31;A43;2149;A61;A73;4;A91;A101;1;A124;29;A153;1;A173;A201;2
0104600259;15;A32;A41;3812;A62;A72;1;A92;A101;4;A123;23;A152;1;A173;A201;1
0104600260;11;A34;A43;1154;A62;A71;4;A92;A101;4;A121;57;A152;3;A172;A201;1
0104600261;12;A32;A42;1657;A61;A73;2;A93;A101;2;A121;27;A152;1;A173;A201;1
0104600262;24;A32;A43;1603;A61;A75;4;A92;A101;4;A123;55;A152;1;A173;A201;1
0104600263;18;A34;A40;5302;A61;A75;2;A93;A101;4;A124;36;A153;3;A174;A201;1
0104600264;12;A34;A46;2748;A61;A75;2;A92;A101;4;A124;57;A153;3;A172;A201;1
0104600265;10;A34;A40;1231;A61;A75;3;A93;A101;4;A121;32;A152;2;A172;A202;1
0104600266;15;A32;A43;802;A61;A75;4;A93;A101;3;A123;37;A152;1;A173;A201;2
0104600267;36;A34;A49;6304;A65;A75;4;A93;A101;4;A121;36;A152;2;A173;A201;1
0104600268;24;A32;A43;1533;A61;A72;4;A92;A101;3;A123;38;A152;1;A173;A201;1
0104600269;14;A32;A40;8978;A61;A75;1;A91;A101;4;A122;45;A152;1;A174;A202;2
0104600270;24;A32;A43;999;A65;A75;4;A93;A101;2;A123;25;A152;2;A173;A201;1
0104600271;18;A32;A40;2662;A65;A74;4;A93;A101;3;A122;32;A152;1;A173;A202;1
0104600272;12;A34;A42;1402;A63;A74;3;A92;A101;4;A123;37;A151;1;A173;A201;1
0104600273;48;A31;A40;12169;A65;A71;4;A93;A102;4;A124;36;A153;1;A174;A201;1
0104600274;48;A32;A43;3060;A61;A74;4;A93;A101;4;A121;28;A152;2;A173;A201;2
0104600275;30;A32;A45;11998;A61;A72;1;A91;A101;1;A124;34;A152;1;A172;A201;2
0104600276;9;A32;A43;2697;A61;A73;1;A93;A101;2;A121;32;A152;1;A173;A201;1
0104600277;18;A34;A43;2404;A61;A73;2;A92;A101;2;A123;26;A152;2;A173;A201;1
0104600278;12;A32;A42;1262;A65;A75;2;A91;A101;4;A122;49;A152;1;A172;A201;1
0104600279;6;A32;A42;4611;A61;A72;1;A92;A101;4;A122;32;A152;1;A173;A201;2
0104600280;24;A32;A43;1901;A62;A73;4;A93;A101;4;A123;29;A151;1;A174;A201;1
0104600281;15;A34;A41;3368;A64;A75;3;A93;A101;4;A124;23;A151;2;A173;A201;1
0104600282;12;A32;A42;1574;A61;A73;4;A93;A101;2;A121;50;A152;1;A173;A201;1
0104600283;18;A31;A43;1445;A65;A74;4;A93;A101;4;A123;49;A152;1;A172;A201;1
0104600284;15;A34;A42;1520;A65;A75;4;A93;A101;4;A122;63;A152;1;A173;A201;1
0104600285;24;A34;A40;3878;A62;A72;4;A91;A101;2;A123;37;A152;1;A173;A201;1
0104600286;47;A32;A40;10722;A61;A72;1;A92;A101;1;A121;35;A152;1;A172;A201;1
0104600287;48;A32;A41;4788;A61;A74;4;A93;A101;3;A122;26;A152;1;A173;A201;1
0104600288;48;A33;A410;7582;A62;A71;2;A93;A101;4;A124;31;A153;1;A174;A201;1
0104600289;12;A32;A43;1092;A61;A73;4;A92;A103;4;A121;49;A152;2;A173;A201;1
0104600290;24;A33;A43;1024;A61;A72;4;A94;A101;4;A121;48;A152;1;A173;A201;2
0104600291;12;A32;A49;1076;A61;A73;2;A94;A101;2;A121;26;A152;1;A173;A202;1
0104600292;36;A32;A41;9398;A61;A72;1;A94;A101;4;A123;28;A151;1;A174;A201;2
0104600293;24;A34;A41;6419;A61;A75;2;A92;A101;4;A124;44;A153;2;A174;A201;1
0104600294;42;A34;A41;4796;A61;A75;4;A93;A101;4;A124;56;A153;1;A173;A201;1
0104600295;48;A34;A49;7629;A65;A75;4;A91;A101;2;A123;46;A152;2;A174;A201;1
0104600296;48;A32;A42;9960;A61;A72;1;A92;A101;2;A123;26;A152;1;A173;A201;2
0104600297;12;A32;A41;4675;A65;A72;1;A92;A101;4;A123;20;A151;1;A173;A201;1
0104600298;10;A32;A40;1287;A65;A75;4;A93;A102;2;A122;45;A152;1;A172;A202;1
0104600299;18;A32;A42;2515;A61;A73;3;A93;A101;4;A121;43;A152;1;A173;A201;1
0104600300;21;A34;A42;2745;A64;A74;3;A93;A101;2;A123;32;A152;2;A173;A201;1
0104600301;6;A32;A40;672;A61;A71;1;A92;A101;4;A121;54;A152;1;A171;A201;1
0104600302;36;A30;A43;3804;A61;A73;4;A92;A101;1;A123;42;A152;1;A173;A201;2
0104600303;24;A34;A40;1344;A65;A74;4;A93;A101;2;A121;37;A152;2;A172;A201;2
0104600304;10;A34;A40;1038;A61;A74;4;A93;A102;3;A122;49;A152;2;A173;A201;1
0104600305;48;A34;A40;10127;A63;A73;2;A93;A101;2;A124;44;A153;1;A173;A201;2
0104600306;6;A32;A42;1543;A64;A73;4;A91;A101;2;A121;33;A152;1;A173;A201;1
0104600307;30;A32;A41;4811;A65;A74;2;A92;A101;4;A122;24;A151;1;A172;A201;1
0104600308;12;A32;A43;727;A62;A72;4;A94;A101;3;A124;33;A152;1;A172;A201;2
0104600309;8;A32;A42;1237;A61;A73;3;A92;A101;4;A121;24;A152;1;A173;A201;2
0104600310;9;A32;A40;276;A61;A73;4;A94;A101;4;A121;22;A151;1;A172;A201;1
0104600311;48;A32;A410;5381;A65;A71;3;A93;A101;4;A124;40;A153;1;A171;A201;1
0104600312;24;A32;A42;5511;A62;A73;4;A93;A101;1;A123;25;A152;1;A173;A201;1
0104600313;24;A32;A42;3749;A61;A72;2;A92;A101;4;A123;26;A152;1;A173;A201;1
0104600314;12;A32;A40;685;A61;A74;2;A94;A101;3;A123;25;A152;1;A172;A201;2
0104600315;4;A32;A40;1494;A65;A72;1;A93;A101;2;A121;29;A152;1;A172;A202;1
0104600316;36;A31;A42;2746;A61;A75;4;A93;A101;4;A123;31;A152;1;A173;A201;2
0104600317;12;A32;A42;708;A61;A73;2;A93;A103;3;A122;38;A152;1;A172;A201;1
0104600318;24;A32;A42;4351;A65;A73;1;A92;A101;4;A122;48;A152;1;A172;A201;1
0104600319;12;A34;A46;701;A61;A73;4;A93;A101;2;A123;32;A152;2;A173;A201;1
0104600320;15;A33;A42;3643;A61;A75;1;A92;A101;4;A122;27;A152;2;A172;A201;1
0104600321;30;A34;A40;4249;A61;A71;4;A94;A101;2;A123;28;A152;2;A174;A201;2
0104600322;24;A32;A43;1938;A61;A72;4;A91;A101;3;A122;32;A152;1;A173;A201;2
0104600323;24;A32;A41;2910;A61;A74;2;A93;A101;1;A124;34;A153;1;A174;A201;1
0104600324;18;A32;A42;2659;A64;A73;4;A93;A101;2;A123;28;A152;1;A173;A201;1
0104600325;18;A34;A40;1028;A61;A73;4;A92;A101;3;A121;36;A152;2;A173;A201;1
0104600326;8;A34;A40;3398;A61;A74;1;A93;A101;4;A121;39;A152;2;A172;A202;1
0104600327;12;A34;A42;5801;A65;A75;2;A93;A101;4;A122;49;A151;1;A173;A201;1
0104600328;24;A32;A40;1525;A64;A74;4;A92;A101;3;A123;34;A152;1;A173;A201;1
0104600329;36;A32;A43;4473;A61;A75;4;A93;A101;2;A123;31;A152;1;A173;A201;1
0104600330;6;A32;A43;1068;A61;A75;4;A93;A101;4;A123;28;A152;1;A173;A201;1
0104600331;24;A34;A41;6615;A61;A71;2;A93;A101;4;A124;75;A153;2;A174;A201;1
0104600332;18;A34;A46;1864;A62;A73;4;A92;A101;2;A121;30;A152;2;A173;A201;2
0104600333;60;A32;A40;7408;A62;A72;4;A92;A101;2;A122;24;A152;1;A174;A201;2
0104600334;48;A34;A41;11590;A62;A73;2;A92;A101;4;A123;24;A151;2;A172;A201;2
0104600335;24;A30;A42;4110;A61;A75;3;A93;A101;4;A124;23;A151;2;A173;A201;2
0104600336;6;A34;A42;3384;A61;A73;1;A91;A101;4;A121;44;A151;1;A174;A201;2
0104600337;13;A32;A43;2101;A61;A72;2;A92;A103;4;A122;23;A152;1;A172;A201;1
0104600338;15;A32;A44;1275;A65;A73;4;A92;A101;2;A123;24;A151;1;A173;A201;2
0104600339;24;A32;A42;4169;A61;A73;4;A93;A101;4;A122;28;A152;1;A173;A201;1
0104600340;10;A32;A42;1521;A61;A73;4;A91;A101;2;A123;31;A152;1;A172;A201;1
0104600341;24;A34;A46;5743;A61;A72;2;A92;A101;4;A124;24;A153;2;A173;A201;1
0104600342;21;A32;A42;3599;A61;A74;1;A92;A101;4;A123;26;A151;1;A172;A201;1
0104600343;18;A32;A43;3213;A63;A72;1;A94;A101;3;A121;25;A151;1;A173;A201;1
0104600344;18;A32;A49;4439;A61;A75;1;A93;A102;1;A121;33;A152;1;A174;A201;1
0104600345;10;A32;A40;3949;A61;A72;1;A93;A103;1;A122;37;A152;1;A172;A201;1
0104600346;15;A34;A43;1459;A61;A73;4;A92;A101;2;A123;43;A152;1;A172;A201;1
0104600347;13;A34;A43;882;A61;A72;4;A93;A103;4;A121;23;A152;2;A173;A201;1
0104600348;24;A32;A43;3758;A63;A71;1;A92;A101;4;A124;23;A151;1;A171;A201;1
0104600349;6;A33;A49;1743;A62;A73;1;A93;A101;2;A121;34;A152;2;A172;A201;1
0104600350;9;A34;A46;1136;A64;A75;4;A93;A101;3;A124;32;A153;2;A173;A201;2
0104600351;9;A32;A44;1236;A61;A72;1;A92;A101;4;A121;23;A151;1;A173;A201;1
0104600352;9;A32;A42;959;A61;A73;1;A92;A101;2;A123;29;A152;1;A173;A202;2
0104600353;18;A34;A41;3229;A65;A71;2;A93;A101;4;A124;38;A152;1;A174;A201;1
0104600354;12;A30;A43;6199;A61;A73;4;A93;A101;2;A122;28;A151;2;A173;A201;2
0104600355;10;A32;A46;727;A63;A75;4;A93;A101;4;A124;46;A153;1;A173;A201;1
0104600356;24;A32;A40;1246;A61;A72;4;A93;A101;2;A121;23;A152;1;A172;A201;2
0104600357;12;A34;A43;2331;A65;A75;1;A93;A102;4;A121;49;A152;1;A173;A201;1
0104600358;36;A33;A43;4463;A61;A73;4;A93;A101;2;A123;26;A152;2;A174;A201;2
0104600359;12;A32;A43;776;A61;A73;4;A94;A101;2;A121;28;A152;1;A173;A201;1
0104600360;30;A32;A42;2406;A61;A74;4;A92;A101;4;A121;23;A151;1;A173;A201;2
0104600361;18;A32;A46;1239;A65;A73;4;A93;A101;4;A124;61;A153;1;A173;A201;1
0104600362;12;A32;A43;3399;A65;A75;2;A93;A101;3;A123;37;A152;1;A174;A201;1
0104600363;12;A33;A40;2247;A61;A73;2;A92;A101;2;A123;36;A152;2;A173;A201;1
0104600364;6;A32;A42;1766;A61;A73;1;A94;A101;2;A122;21;A151;1;A173;A201;1
0104600365;18;A32;A42;2473;A61;A71;4;A93;A101;1;A123;25;A152;1;A171;A201;2
0104600366;12;A32;A49;1542;A61;A74;2;A93;A101;4;A123;36;A152;1;A173;A201;1
0104600367;18;A34;A41;3850;A61;A74;3;A93;A101;1;A123;27;A152;2;A173;A201;1
0104600368;18;A32;A42;3650;A61;A72;1;A92;A101;4;A123;22;A151;1;A173;A201;1
0104600369;36;A32;A42;3446;A61;A75;4;A93;A101;2;A123;42;A152;1;A173;A201;2
0104600370;18;A32;A42;3001;A61;A74;2;A92;A101;4;A121;40;A151;1;A173;A201;1
0104600371;36;A32;A40;3079;A65;A73;4;A93;A101;4;A121;36;A152;1;A173;A201;1
0104600372;18;A34;A43;6070;A61;A75;3;A93;A101;4;A123;33;A152;2;A173;A201;1
0104600373;10;A34;A42;2146;A61;A72;1;A92;A101;3;A121;23;A151;2;A173;A201;1
0104600374;60;A34;A40;13756;A65;A75;2;A93;A101;4;A124;63;A153;1;A174;A201;1
0104600375;60;A31;A410;14782;A62;A75;3;A92;A101;4;A124;60;A153;2;A174;A201;2
0104600376;48;A31;A49;7685;A61;A74;2;A92;A103;4;A123;37;A151;1;A173;A201;2
0104600377;18;A33;A43;2320;A61;A71;2;A94;A101;3;A121;34;A152;2;A173;A201;1
0104600378;7;A33;A43;846;A65;A75;3;A93;A101;4;A124;36;A153;1;A173;A201;1
0104600379;36;A32;A40;14318;A61;A75;4;A93;A101;2;A124;57;A153;1;A174;A201;2
0104600380;6;A34;A40;362;A62;A73;4;A92;A101;4;A123;52;A152;2;A172;A201;1
0104600381;20;A32;A42;2212;A65;A74;4;A93;A101;4;A123;39;A152;1;A173;A201;1
0104600382;18;A32;A41;12976;A61;A71;3;A92;A101;4;A124;38;A153;1;A174;A201;2
0104600383;22;A32;A40;1283;A65;A74;4;A92;A101;4;A122;25;A151;1;A173;A201;1
0104600384;12;A32;A40;1330;A61;A72;4;A93;A101;1;A121;26;A152;1;A173;A201;1
0104600385;30;A33;A49;4272;A62;A73;2;A93;A101;2;A122;26;A152;2;A172;A201;1
0104600386;18;A34;A43;2238;A61;A73;2;A92;A101;1;A123;25;A152;2;A173;A201;1
0104600387;18;A32;A43;1126;A65;A72;4;A92;A101;2;A121;21;A151;1;A173;A201;1
0104600388;18;A34;A42;7374;A61;A71;4;A93;A101;4;A122;40;A152;2;A174;A201;1
0104600389;15;A34;A49;2326;A63;A73;2;A93;A101;4;A123;27;A152;1;A173;A201;1
0104600390;9;A32;A49;1449;A61;A74;3;A92;A101;2;A123;27;A152;2;A173;A201;1
0104600391;18;A32;A40;1820;A61;A73;2;A94;A101;2;A122;30;A152;1;A174;A201;1
0104600392;12;A32;A42;983;A64;A72;1;A92;A101;4;A121;19;A151;1;A172;A201;1
0104600393;36;A32;A40;3249;A61;A74;2;A93;A101;4;A124;39;A153;1;A174;A201;1
0104600394;6;A34;A43;1957;A61;A74;1;A92;A101;4;A123;31;A152;1;A173;A201;1
0104600395;9;A34;A42;2406;A61;A71;2;A93;A101;3;A123;31;A152;1;A174;A201;1
0104600396;39;A33;A46;11760;A62;A74;2;A93;A101;3;A124;32;A151;1;A173;A201;1
0104600397;12;A32;A42;2578;A61;A71;3;A92;A101;4;A124;55;A153;1;A174;A201;1
0104600398;36;A34;A42;2348;A61;A73;3;A94;A101;2;A122;46;A152;2;A173;A201;1
0104600399;12;A32;A40;1223;A61;A75;1;A91;A101;1;A121;46;A151;2;A173;A201;2
0104600400;24;A34;A43;1516;A64;A73;4;A92;A101;1;A121;43;A152;2;A172;A201;1
0104600401;18;A32;A43;1473;A61;A72;3;A94;A101;4;A121;39;A152;1;A173;A201;1
0104600402;18;A34;A49;1887;A65;A73;4;A94;A101;4;A121;28;A152;2;A173;A201;1
0104600403;24;A33;A49;8648;A61;A72;2;A93;A101;2;A123;27;A152;2;A173;A201;2
0104600404;14;A33;A40;802;A61;A73;4;A93;A101;2;A123;27;A152;2;A172;A201;1
0104600405;18;A33;A40;2899;A65;A75;4;A93;A101;4;A123;43;A152;1;A173;A201;1
0104600406;24;A32;A43;2039;A61;A72;1;A94;A101;1;A122;22;A152;1;A173;A201;2
0104600407;24;A34;A41;2197;A65;A74;4;A93;A101;4;A123;43;A152;2;A173;A201;1
0104600408;15;A32;A43;1053;A61;A72;4;A94;A101;2;A121;27;A152;1;A173;A202;1
0104600409;24;A32;A43;3235;A63;A75;3;A91;A101;2;A123;26;A152;1;A174;A201;1
0104600410;12;A34;A40;939;A63;A74;4;A94;A101;2;A121;28;A152;3;A173;A201;2
0104600411;24;A32;A43;1967;A61;A75;4;A92;A101;4;A123;20;A152;1;A173;A201;1
0104600412;33;A34;A41;7253;A61;A74;3;A93;A101;2;A123;35;A152;2;A174;A201;1
0104600413;12;A34;A49;2292;A61;A71;4;A93;A101;2;A123;42;A152;2;A174;A201;2
0104600414;10;A32;A40;1597;A63;A73;3;A93;A101;2;A124;40;A151;1;A172;A202;1
0104600415;24;A32;A40;1381;A65;A73;4;A92;A101;2;A122;35;A152;1;A173;A201;2
0104600416;36;A34;A41;5842;A61;A75;2;A93;A101;2;A122;35;A152;2;A173;A201;1
0104600417;12;A32;A40;2579;A61;A72;4;A93;A101;1;A121;33;A152;1;A172;A201;2
0104600418;18;A33;A46;8471;A65;A73;1;A92;A101;2;A123;23;A151;2;A173;A201;1
0104600419;21;A32;A40;2782;A63;A74;1;A92;A101;2;A123;31;A152;1;A174;A201;1
0104600420;18;A32;A40;1042;A65;A73;4;A92;A101;2;A122;33;A152;1;A173;A201;2
0104600421;15;A32;A40;3186;A64;A74;2;A92;A101;3;A123;20;A151;1;A173;A201;1
0104600422;12;A32;A41;2028;A65;A73;4;A93;A101;2;A123;30;A152;1;A173;A201;1
0104600423;12;A34;A40;958;A61;A74;2;A93;A101;3;A121;47;A152;2;A172;A201;1
0104600424;21;A33;A42;1591;A62;A74;4;A93;A101;3;A121;34;A152;2;A174;A201;1
0104600425;12;A32;A42;2762;A65;A75;1;A92;A101;2;A122;25;A152;1;A173;A201;2
0104600426;18;A32;A41;2779;A61;A73;1;A94;A101;3;A123;21;A151;1;A173;A201;1
0104600427;28;A34;A43;2743;A61;A75;4;A93;A101;2;A123;29;A152;2;A173;A201;1
0104600428;18;A34;A43;1149;A64;A73;4;A93;A101;3;A121;46;A152;2;A173;A201;1
0104600429;9;A32;A42;1313;A61;A75;1;A93;A101;4;A123;20;A152;1;A173;A201;1
0104600430;18;A34;A45;1190;A61;A71;2;A92;A101;4;A124;55;A153;3;A171;A201;2
0104600431;5;A32;A49;3448;A61;A74;1;A93;A101;4;A121;74;A152;1;A172;A201;1
0104600432;24;A32;A410;11328;A61;A73;2;A93;A102;3;A123;29;A152;2;A174;A201;2
0104600433;6;A34;A42;1872;A61;A71;4;A93;A101;4;A124;36;A153;3;A174;A201;1
0104600434;24;A34;A45;2058;A61;A73;4;A91;A101;2;A121;33;A152;2;A173;A201;1
0104600435;9;A32;A42;2136;A61;A73;3;A93;A101;2;A121;25;A152;1;A173;A201;1
0104600436;12;A32;A43;1484;A65;A73;2;A94;A101;1;A121;25;A152;1;A173;A201;2
0104600437;6;A32;A45;660;A63;A74;2;A94;A101;4;A121;23;A151;1;A172;A201;1
0104600438;24;A34;A40;1287;A64;A75;4;A92;A101;4;A121;37;A152;2;A173;A201;1
0104600439;42;A34;A45;3394;A61;A71;4;A93;A102;4;A123;65;A152;2;A171;A201;1
0104600440;12;A31;A49;609;A61;A72;4;A92;A101;1;A121;26;A152;1;A171;A201;2
0104600441;12;A32;A40;1884;A61;A75;4;A93;A101;4;A123;39;A152;1;A174;A201;1
0104600442;12;A32;A42;1620;A61;A73;2;A92;A102;3;A122;30;A152;1;A173;A201;1
0104600443;20;A33;A410;2629;A61;A73;2;A93;A101;3;A123;29;A152;2;A173;A201;1
0104600444;12;A32;A46;719;A61;A75;4;A93;A101;4;A123;41;A152;1;A172;A201;2
0104600445;48;A34;A42;5096;A61;A73;2;A92;A101;3;A123;30;A152;1;A174;A201;2
0104600446;9;A34;A46;1244;A65;A75;4;A92;A101;4;A122;41;A151;2;A172;A201;1
0104600447;36;A32;A40;1842;A61;A72;4;A92;A101;4;A123;34;A152;1;A173;A201;2
0104600448;7;A32;A43;2576;A61;A73;2;A93;A103;2;A121;35;A152;1;A173;A201;1
0104600449;12;A32;A42;1424;A65;A75;3;A92;A101;4;A121;55;A152;1;A174;A201;1
0104600450;15;A33;A45;1512;A64;A73;3;A94;A101;3;A122;61;A152;2;A173;A201;2
0104600451;36;A34;A41;11054;A65;A73;4;A93;A101;2;A123;30;A152;1;A174;A201;1
0104600452;6;A32;A43;518;A61;A73;3;A92;A101;1;A121;29;A152;1;A173;A201;1
0104600453;12;A30;A42;2759;A61;A75;2;A93;A101;4;A122;34;A152;2;A173;A201;1
0104600454;24;A32;A41;2670;A61;A75;4;A93;A101;4;A123;35;A152;1;A174;A201;1
0104600455;24;A32;A40;4817;A61;A74;2;A93;A102;3;A122;31;A152;1;A173;A201;2
0104600456;24;A32;A41;2679;A61;A72;4;A92;A101;1;A124;29;A152;1;A174;A201;1
0104600457;11;A34;A40;3905;A61;A73;2;A93;A101;2;A121;36;A151;2;A173;A201;1
0104600458;12;A32;A41;3386;A61;A75;3;A93;A101;4;A124;35;A153;1;A173;A201;2
0104600459;6;A32;A44;343;A61;A72;4;A92;A101;1;A121;27;A152;1;A173;A201;1
0104600460;18;A32;A43;4594;A61;A72;3;A93;A101;2;A123;32;A152;1;A173;A201;1
0104600461;36;A32;A42;3620;A61;A73;1;A93;A103;2;A122;37;A152;1;A173;A201;1
0104600462;15;A32;A40;1721;A61;A72;2;A93;A101;3;A121;36;A152;1;A173;A201;1
0104600463;12;A32;A42;3017;A61;A72;3;A92;A101;1;A121;34;A151;1;A174;A201;1
0104600464;12;A32;A48;754;A65;A75;4;A93;A101;4;A122;38;A152;2;A173;A201;1
0104600465;18;A32;A49;1950;A61;A74;4;A93;A101;1;A123;34;A152;2;A173;A201;1
0104600466;24;A32;A41;2924;A61;A73;3;A93;A103;4;A124;63;A152;1;A173;A201;1
0104600467;24;A33;A43;1659;A61;A72;4;A92;A101;2;A123;29;A151;1;A172;A201;2
0104600468;48;A33;A43;7238;A65;A75;3;A93;A101;3;A123;32;A152;2;A173;A201;1
0104600469;33;A33;A49;2764;A61;A73;2;A92;A101;2;A123;26;A152;2;A173;A201;1
0104600470;24;A33;A41;4679;A61;A74;3;A93;A101;3;A123;35;A152;2;A172;A201;1
0104600471;24;A32;A43;3092;A62;A72;3;A94;A101;2;A123;22;A151;1;A173;A201;2
0104600472;6;A32;A46;448;A61;A72;4;A92;A101;4;A122;23;A152;1;A173;A201;2
0104600473;9;A32;A40;654;A61;A73;4;A93;A101;3;A123;28;A152;1;A172;A201;2
0104600474;6;A32;A48;1238;A65;A71;4;A93;A101;4;A122;36;A152;1;A174;A201;1
0104600475;18;A34;A43;1245;A61;A73;4;A94;A101;2;A123;33;A152;1;A173;A201;2
0104600476;18;A30;A42;3114;A61;A72;1;A92;A101;4;A122;26;A151;1;A173;A201;2
0104600477;39;A32;A41;2569;A63;A73;4;A93;A101;4;A123;24;A152;1;A173;A201;1
0104600478;24;A32;A43;5152;A61;A74;4;A93;A101;2;A123;25;A152;1;A173;A201;1
0104600479;12;A32;A49;1037;A62;A74;3;A93;A101;4;A121;39;A152;1;A172;A201;1
0104600480;15;A34;A42;1478;A61;A75;4;A93;A101;4;A123;44;A152;2;A173;A201;1
0104600481;12;A34;A43;3573;A61;A73;1;A92;A101;1;A121;23;A152;1;A172;A201;1
0104600482;24;A32;A40;1201;A61;A72;4;A93;A101;1;A122;26;A152;1;A173;A201;1
0104600483;30;A32;A42;3622;A64;A75;4;A92;A101;4;A122;57;A151;2;A173;A201;1
0104600484;15;A33;A42;960;A64;A74;3;A92;A101;2;A122;30;A152;2;A173;A201;1
0104600485;12;A34;A40;1163;A63;A73;4;A93;A101;4;A121;44;A152;1;A173;A201;1
0104600486;6;A33;A40;1209;A61;A71;4;A93;A101;4;A122;47;A152;1;A174;A201;2
0104600487;12;A32;A43;3077;A61;A73;2;A93;A101;4;A123;52;A152;1;A173;A201;1
0104600488;24;A32;A40;3757;A61;A75;4;A92;A102;4;A124;62;A153;1;A173;A201;1
0104600489;10;A32;A40;1418;A62;A73;3;A93;A101;2;A121;35;A151;1;A172;A202;1
0104600490;6;A32;A40;3518;A61;A73;2;A93;A103;3;A122;26;A151;1;A173;A201;1
0104600491;12;A34;A43;1934;A61;A75;2;A93;A101;2;A124;26;A152;2;A173;A201;1
0104600492;27;A30;A49;8318;A61;A75;2;A92;A101;4;A124;42;A153;2;A174;A201;2
0104600493;6;A34;A43;1237;A62;A73;1;A92;A101;1;A122;27;A152;2;A173;A201;1
0104600494;6;A32;A43;368;A65;A75;4;A93;A101;4;A122;38;A152;1;A173;A201;1
0104600495;12;A34;A40;2122;A61;A73;3;A93;A101;2;A121;39;A151;2;A172;A202;1
0104600496;24;A32;A42;2996;A65;A73;2;A94;A101;4;A123;20;A152;1;A173;A201;2
0104600497;36;A32;A42;9034;A62;A72;4;A93;A102;1;A124;29;A151;1;A174;A201;2
0104600498;24;A34;A42;1585;A61;A74;4;A93;A101;3;A122;40;A152;2;A173;A201;1
0104600499;18;A32;A43;1301;A61;A75;4;A94;A103;2;A121;32;A152;1;A172;A201;1
0104600500;6;A34;A40;1323;A62;A75;2;A91;A101;4;A123;28;A152;2;A173;A201;1
0104600501;24;A32;A40;3123;A61;A72;4;A92;A101;1;A122;27;A152;1;A173;A201;2
0104600502;36;A32;A41;5493;A61;A75;2;A93;A101;4;A124;42;A153;1;A173;A201;1
0104600503;9;A32;A43;1126;A62;A75;2;A91;A101;4;A121;49;A152;1;A173;A201;1
0104600504;24;A34;A43;1216;A62;A72;4;A93;A101;4;A124;38;A152;2;A173;A201;2
0104600505;24;A32;A40;1207;A61;A72;4;A92;A101;4;A122;24;A151;1;A173;A201;2
0104600506;10;A32;A40;1309;A65;A73;4;A93;A103;4;A122;27;A152;1;A172;A201;2
0104600507;15;A34;A41;2360;A63;A73;2;A93;A101;2;A123;36;A152;1;A173;A201;1
0104600508;15;A31;A40;6850;A62;A71;1;A93;A101;2;A122;34;A152;1;A174;A201;2
0104600509;24;A32;A43;1413;A61;A73;4;A94;A101;2;A122;28;A152;1;A173;A201;1
0104600510;39;A32;A41;8588;A62;A75;4;A93;A101;2;A123;45;A152;1;A174;A201;1
0104600511;12;A32;A40;759;A61;A74;4;A93;A101;2;A121;26;A152;1;A173;A201;2
0104600512;36;A32;A41;4686;A61;A73;2;A93;A101;2;A124;32;A153;1;A174;A201;1
0104600513;15;A32;A49;2687;A61;A74;2;A93;A101;4;A122;26;A151;1;A173;A201;1
0104600514;12;A33;A43;585;A61;A73;4;A94;A102;4;A121;20;A151;2;A173;A201;1
0104600515;24;A32;A40;2255;A65;A72;4;A93;A101;1;A122;54;A152;1;A173;A201;1
0104600516;6;A34;A40;609;A61;A74;4;A92;A101;3;A122;37;A152;2;A173;A202;1
0104600517;6;A34;A40;1361;A61;A72;2;A93;A101;4;A121;40;A152;1;A172;A202;1
0104600518;36;A34;A42;7127;A61;A72;2;A92;A101;4;A122;23;A151;2;A173;A201;2
0104600519;6;A32;A40;1203;A62;A75;3;A93;A101;2;A122;43;A152;1;A173;A201;1
0104600520;6;A34;A43;700;A65;A75;4;A93;A101;4;A124;36;A153;2;A173;A201;1
0104600521;24;A34;A45;5507;A61;A75;3;A93;A101;4;A124;44;A153;2;A173;A201;1
0104600522;18;A32;A43;3190;A61;A73;2;A92;A101;2;A121;24;A152;1;A173;A201;2
0104600523;48;A30;A42;7119;A61;A73;3;A93;A101;4;A124;53;A153;2;A173;A201;2
0104600524;24;A32;A41;3488;A62;A74;3;A92;A101;4;A123;23;A152;1;A173;A201;1
0104600525;18;A32;A43;1113;A61;A73;4;A92;A103;4;A121;26;A152;1;A172;A201;1
0104600526;26;A32;A41;7966;A61;A72;2;A93;A101;3;A123;30;A152;2;A173;A201;1
0104600527;15;A34;A46;1532;A62;A73;4;A92;A101;3;A123;31;A152;1;A173;A201;1
0104600528;4;A34;A43;1503;A61;A74;2;A93;A101;1;A121;42;A152;2;A172;A201;1
0104600529;36;A32;A43;2302;A61;A73;4;A91;A101;4;A123;31;A151;1;A173;A201;2
0104600530;6;A32;A40;662;A61;A72;3;A93;A101;4;A121;41;A152;1;A172;A201;1
0104600531;36;A32;A46;2273;A61;A74;3;A93;A101;1;A123;32;A152;2;A173;A201;1
0104600532;15;A32;A40;2631;A62;A73;2;A92;A101;4;A123;28;A151;2;A173;A201;2
0104600533;12;A33;A41;1503;A61;A73;4;A94;A101;4;A121;41;A151;1;A173;A201;1
0104600534;24;A32;A43;1311;A62;A74;4;A94;A101;3;A122;26;A152;1;A173;A201;1
0104600535;24;A32;A43;3105;A65;A72;4;A93;A101;2;A123;25;A152;2;A173;A201;1
0104600536;21;A34;A46;2319;A61;A72;2;A91;A101;1;A123;33;A151;1;A173;A201;2
0104600537;6;A32;A40;1374;A65;A71;4;A92;A101;3;A122;75;A152;1;A174;A201;1
0104600538;18;A34;A42;3612;A61;A75;3;A92;A101;4;A122;37;A152;1;A173;A201;1
0104600539;48;A32;A40;7763;A61;A75;4;A93;A101;4;A124;42;A153;1;A174;A201;2
0104600540;18;A32;A42;3049;A61;A72;1;A92;A101;1;A122;45;A152;1;A172;A201;1
0104600541;12;A32;A43;1534;A61;A72;1;A94;A101;1;A121;23;A151;1;A173;A201;2
0104600542;24;A33;A40;2032;A61;A75;4;A93;A101;4;A124;60;A153;2;A173;A201;1
0104600543;30;A32;A42;6350;A65;A75;4;A93;A101;4;A122;31;A152;1;A173;A201;2
0104600544;18;A32;A42;2864;A61;A73;2;A93;A101;1;A121;34;A152;1;A172;A201;2
0104600545;12;A34;A40;1255;A61;A75;4;A93;A101;4;A121;61;A152;2;A172;A201;1
0104600546;24;A33;A40;1333;A61;A71;4;A93;A101;2;A121;43;A153;2;A173;A201;2
0104600547;24;A34;A40;2022;A61;A73;4;A92;A101;4;A123;37;A152;1;A173;A201;1
0104600548;24;A32;A43;1552;A61;A74;3;A93;A101;1;A123;32;A152;1;A173;A201;1
0104600549;12;A31;A43;626;A61;A73;4;A92;A101;4;A121;24;A152;1;A172;A201;2
0104600550;48;A34;A41;8858;A65;A74;2;A93;A101;1;A124;35;A153;2;A173;A201;1
0104600551;12;A34;A45;996;A65;A74;4;A92;A101;4;A121;23;A152;2;A173;A201;1
0104600552;6;A31;A43;1750;A63;A75;2;A93;A101;4;A122;45;A152;1;A172;A201;1
0104600553;48;A32;A43;6999;A61;A74;1;A94;A103;1;A121;34;A152;2;A173;A201;2
0104600554;12;A34;A40;1995;A62;A72;4;A93;A101;1;A123;27;A152;1;A173;A201;1
0104600555;9;A32;A46;1199;A61;A74;4;A92;A101;4;A122;67;A152;2;A174;A201;1
0104600556;12;A32;A43;1331;A61;A72;2;A93;A101;1;A123;22;A152;1;A173;A201;2
0104600557;18;A30;A40;2278;A62;A72;3;A92;A101;3;A123;28;A152;2;A173;A201;2
0104600558;21;A30;A40;5003;A65;A73;1;A92;A101;4;A122;29;A152;2;A173;A201;2
0104600559;24;A31;A42;3552;A61;A74;3;A93;A101;4;A123;27;A152;1;A173;A201;2
0104600560;18;A34;A42;1928;A61;A72;2;A93;A101;2;A121;31;A152;2;A172;A201;2
0104600561;24;A32;A41;2964;A65;A75;4;A93;A101;4;A124;49;A153;1;A173;A201;1
0104600562;24;A31;A43;1546;A61;A74;4;A93;A103;4;A123;24;A151;1;A172;A201;2
0104600563;6;A33;A43;683;A61;A72;2;A92;A101;1;A122;29;A152;1;A173;A201;1
0104600564;36;A32;A40;12389;A65;A73;1;A93;A101;4;A124;37;A153;1;A173;A201;2
0104600565;24;A33;A49;4712;A65;A73;4;A93;A101;2;A122;37;A152;2;A174;A201;1
0104600566;24;A33;A43;1553;A62;A74;3;A92;A101;2;A122;23;A151;2;A173;A201;1
0104600567;12;A32;A40;1372;A61;A74;2;A91;A101;3;A123;36;A152;1;A173;A201;2
0104600568;24;A34;A43;2578;A64;A75;2;A93;A101;2;A123;34;A152;1;A173;A201;1
0104600569;48;A32;A43;3979;A65;A74;4;A93;A101;1;A123;41;A152;2;A173;A201;1
0104600570;48;A32;A43;6758;A61;A73;3;A92;A101;2;A123;31;A152;1;A173;A201;2
0104600571;24;A32;A42;3234;A61;A72;4;A92;A101;4;A121;23;A151;1;A172;A201;2
0104600572;30;A34;A43;5954;A61;A74;3;A93;A102;2;A123;38;A152;1;A173;A201;1
0104600573;24;A32;A41;5433;A65;A71;2;A92;A101;4;A122;26;A151;1;A174;A201;1
0104600574;15;A32;A49;806;A61;A73;4;A92;A101;4;A122;22;A152;1;A172;A201;1
0104600575;9;A32;A43;1082;A61;A75;4;A93;A101;4;A123;27;A152;2;A172;A201;1
0104600576;15;A34;A42;2788;A61;A74;2;A92;A102;3;A123;24;A152;2;A173;A201;1
0104600577;12;A32;A43;2930;A61;A74;2;A92;A101;1;A121;27;A152;1;A173;A201;1
0104600578;24;A34;A46;1927;A65;A73;3;A92;A101;2;A123;33;A152;2;A173;A201;1
0104600579;36;A34;A40;2820;A61;A72;4;A91;A101;4;A123;27;A152;2;A173;A201;2
0104600580;24;A32;A48;937;A61;A72;4;A94;A101;3;A123;27;A152;2;A172;A201;1
0104600581;18;A34;A40;1056;A61;A75;3;A93;A103;3;A121;30;A152;2;A173;A201;2
0104600582;12;A34;A40;3124;A61;A72;1;A93;A101;3;A121;49;A152;2;A172;A201;1
0104600583;9;A32;A42;1388;A61;A73;4;A92;A101;2;A121;26;A151;1;A173;A201;1
0104600584;36;A32;A45;2384;A61;A72;4;A93;A101;1;A124;33;A151;1;A172;A201;2
0104600585;12;A32;A40;2133;A65;A75;4;A92;A101;4;A124;52;A153;1;A174;A201;1
0104600586;18;A32;A42;2039;A61;A73;1;A92;A101;4;A121;20;A151;1;A173;A201;2
0104600587;9;A34;A40;2799;A61;A73;2;A93;A101;2;A121;36;A151;2;A173;A201;1
0104600588;12;A32;A42;1289;A61;A73;4;A93;A103;1;A122;21;A152;1;A172;A201;1
0104600589;18;A32;A44;1217;A61;A73;4;A94;A101;3;A121;47;A152;1;A172;A201;2
0104600590;12;A34;A42;2246;A61;A75;3;A93;A101;3;A122;60;A152;2;A173;A201;2
0104600591;12;A34;A43;385;A61;A74;4;A92;A101;3;A121;58;A152;4;A172;A201;1
0104600592;24;A33;A40;1965;A65;A73;4;A92;A101;4;A123;42;A151;2;A173;A201;1
0104600593;21;A32;A49;1572;A64;A75;4;A92;A101;4;A121;36;A152;1;A172;A201;1
0104600594;24;A32;A40;2718;A61;A73;3;A92;A101;4;A122;20;A151;1;A172;A201;2
0104600595;24;A31;A410;1358;A65;A75;4;A93;A101;3;A123;40;A152;1;A174;A201;2
0104600596;6;A31;A40;931;A62;A72;1;A92;A101;1;A122;32;A152;1;A172;A201;2
0104600597;24;A32;A40;1442;A61;A74;4;A92;A101;4;A123;23;A151;2;A173;A201;2
0104600598;24;A30;A49;4241;A61;A73;1;A93;A101;4;A121;36;A152;3;A172;A201;2
0104600599;18;A34;A40;2775;A61;A74;2;A93;A101;2;A122;31;A152;2;A173;A201;2
0104600600;24;A33;A49;3863;A61;A73;1;A93;A101;2;A124;32;A153;1;A173;A201;1
0104600601;7;A32;A43;2329;A61;A72;1;A92;A103;1;A121;45;A152;1;A173;A201;1
0104600602;9;A32;A42;918;A61;A73;4;A92;A101;1;A122;30;A152;1;A173;A201;2
0104600603;24;A31;A46;1837;A61;A74;4;A92;A101;4;A124;34;A153;1;A172;A201;2
0104600604;36;A32;A42;3349;A61;A73;4;A92;A101;2;A123;28;A152;1;A174;A201;2
0104600605;10;A32;A42;1275;A61;A72;4;A92;A101;2;A122;23;A152;1;A173;A201;1
0104600606;24;A31;A42;2828;A63;A73;4;A93;A101;4;A121;22;A152;1;A173;A201;1
0104600607;24;A34;A49;4526;A61;A73;3;A93;A101;2;A121;74;A152;1;A174;A201;1
0104600608;36;A32;A43;2671;A62;A73;4;A92;A102;4;A124;50;A153;1;A173;A201;2
0104600609;18;A32;A43;2051;A61;A72;4;A93;A101;1;A121;33;A152;1;A173;A201;1
0104600610;15;A32;A41;1300;A65;A75;4;A93;A101;4;A124;45;A153;1;A173;A201;1
0104600611;12;A32;A44;741;A62;A71;4;A92;A101;3;A122;22;A152;1;A173;A201;2
0104600612;10;A32;A40;1240;A62;A75;1;A92;A101;4;A124;48;A153;1;A172;A201;2
0104600613;21;A32;A43;3357;A64;A72;4;A92;A101;2;A123;29;A152;1;A173;A201;1
0104600614;24;A31;A41;3632;A61;A73;1;A92;A103;4;A123;22;A151;1;A173;A202;1
0104600615;18;A33;A42;1808;A61;A74;4;A92;A101;1;A121;22;A152;1;A173;A201;2
0104600616;48;A30;A49;12204;A65;A73;2;A93;A101;2;A123;48;A152;1;A174;A201;1
0104600617;60;A33;A43;9157;A65;A73;2;A93;A101;2;A124;27;A153;1;A174;A201;1
0104600618;6;A34;A40;3676;A61;A73;1;A93;A101;3;A121;37;A151;3;A173;A201;1
0104600619;30;A32;A42;3441;A62;A73;2;A92;A102;4;A123;21;A151;1;A173;A201;2
0104600620;12;A32;A40;640;A61;A73;4;A91;A101;2;A121;49;A152;1;A172;A201;1
0104600621;21;A34;A49;3652;A61;A74;2;A93;A101;3;A122;27;A152;2;A173;A201;1
0104600622;18;A34;A40;1530;A61;A73;3;A93;A101;2;A122;32;A152;2;A173;A201;2
0104600623;48;A32;A49;3914;A65;A73;4;A91;A101;2;A121;38;A152;1;A173;A201;2
0104600624;12;A32;A42;1858;A61;A72;4;A92;A101;1;A123;22;A151;1;A173;A201;1
0104600625;18;A32;A43;2600;A61;A73;4;A93;A101;4;A124;65;A153;2;A173;A201;2
0104600626;15;A32;A43;1979;A65;A75;4;A93;A101;2;A123;35;A152;1;A173;A201;1
0104600627;6;A32;A42;2116;A61;A73;2;A93;A101;2;A121;41;A152;1;A173;A201;1
0104600628;9;A31;A40;1437;A62;A74;2;A93;A101;3;A124;29;A152;1;A173;A201;2
0104600629;42;A34;A42;4042;A63;A73;4;A93;A101;4;A121;36;A152;2;A173;A201;1
0104600630;9;A32;A46;3832;A65;A75;1;A93;A101;4;A121;64;A152;1;A172;A201;1
0104600631;24;A32;A43;3660;A61;A73;2;A92;A101;4;A123;28;A152;1;A173;A201;1
0104600632;18;A31;A42;1553;A61;A73;4;A93;A101;3;A123;44;A152;1;A173;A201;2
0104600633;15;A32;A43;1444;A65;A72;4;A93;A101;1;A122;23;A152;1;A173;A201;1
0104600634;9;A32;A42;1980;A61;A72;2;A92;A102;2;A123;19;A151;2;A173;A201;2
0104600635;24;A32;A40;1355;A61;A72;3;A92;A101;4;A123;25;A152;1;A172;A201;2
0104600636;12;A32;A46;1393;A61;A75;4;A93;A101;4;A122;47;A152;3;A173;A201;1
0104600637;24;A32;A43;1376;A63;A74;4;A92;A101;1;A123;28;A152;1;A173;A201;1
0104600638;60;A33;A43;15653;A61;A74;2;A93;A101;4;A123;21;A152;2;A173;A201;1
0104600639;12;A32;A43;1493;A61;A72;4;A92;A101;3;A123;34;A152;1;A173;A201;1
0104600640;42;A33;A43;4370;A61;A74;3;A93;A101;2;A122;26;A152;2;A173;A201;2
0104600641;18;A32;A46;750;A61;A71;4;A92;A101;1;A121;27;A152;1;A171;A201;2
0104600642;15;A32;A45;1308;A61;A75;4;A93;A101;4;A123;38;A152;2;A172;A201;1
0104600643;15;A32;A46;4623;A62;A73;3;A93;A101;2;A122;40;A152;1;A174;A201;2
0104600644;24;A34;A43;1851;A61;A74;4;A94;A103;2;A123;33;A152;2;A173;A201;1
0104600645;18;A34;A43;1880;A61;A74;4;A94;A101;1;A122;32;A152;2;A174;A201;1
0104600646;36;A33;A49;7980;A65;A72;4;A93;A101;4;A123;27;A151;2;A173;A201;2
0104600647;30;A30;A42;4583;A61;A73;2;A91;A103;2;A121;32;A152;2;A173;A201;1
0104600648;12;A32;A40;1386;A63;A73;2;A92;A101;2;A122;26;A152;1;A173;A201;2
0104600649;24;A32;A40;947;A61;A74;4;A93;A101;3;A124;38;A153;1;A173;A201;2
0104600650;12;A32;A46;684;A61;A73;4;A93;A101;4;A123;40;A151;1;A172;A201;2
0104600651;48;A32;A46;7476;A61;A74;4;A93;A101;1;A124;50;A153;1;A174;A201;1
0104600652;12;A32;A42;1922;A61;A73;4;A93;A101;2;A122;37;A152;1;A172;A201;2
0104600653;24;A32;A40;2303;A61;A75;4;A93;A102;1;A121;45;A152;1;A173;A201;2
0104600654;36;A33;A40;8086;A62;A75;2;A93;A101;4;A123;42;A152;4;A174;A201;2
0104600655;24;A34;A41;2346;A61;A74;4;A93;A101;3;A123;35;A152;2;A173;A201;1
0104600656;14;A32;A40;3973;A61;A71;1;A93;A101;4;A124;22;A153;1;A173;A201;1
0104600657;12;A32;A40;888;A61;A75;4;A93;A101;4;A123;41;A152;1;A172;A201;2
0104600658;48;A32;A43;10222;A65;A74;4;A93;A101;3;A123;37;A152;1;A173;A201;1
0104600659;30;A30;A49;4221;A61;A73;2;A92;A101;1;A123;28;A152;2;A173;A201;1
0104600660;18;A34;A42;6361;A61;A75;2;A93;A101;1;A124;41;A152;1;A173;A201;1
0104600661;12;A32;A43;1297;A61;A73;3;A94;A101;4;A121;23;A151;1;A173;A201;1
0104600662;12;A32;A40;900;A65;A73;4;A94;A101;2;A123;23;A152;1;A173;A201;2
0104600663;21;A32;A42;2241;A61;A75;4;A93;A101;2;A121;50;A152;2;A173;A201;1
0104600664;6;A33;A42;1050;A61;A71;4;A93;A101;1;A122;35;A152;2;A174;A201;1
0104600665;6;A34;A46;1047;A61;A73;2;A92;A101;4;A122;50;A152;1;A172;A201;1
0104600666;24;A34;A410;6314;A61;A71;4;A93;A102;2;A124;27;A152;2;A174;A201;1
0104600667;30;A31;A42;3496;A64;A73;4;A93;A101;2;A123;34;A152;1;A173;A201;1
0104600668;48;A31;A49;3609;A61;A73;1;A92;A101;1;A121;27;A152;1;A173;A201;1
0104600669;12;A34;A40;4843;A61;A75;3;A93;A102;4;A122;43;A151;2;A173;A201;2
0104600670;30;A34;A43;3017;A61;A75;4;A93;A101;4;A122;47;A152;1;A173;A201;1
0104600671;24;A34;A49;4139;A62;A73;3;A93;A101;3;A122;27;A152;2;A172;A201;1
0104600672;36;A32;A49;5742;A62;A74;2;A93;A101;2;A123;31;A152;2;A173;A201;1
0104600673;60;A32;A40;10366;A61;A75;2;A93;A101;4;A122;42;A152;1;A174;A201;1
0104600674;6;A34;A40;2080;A63;A73;1;A94;A101;2;A123;24;A152;1;A173;A201;1
0104600675;21;A33;A49;2580;A63;A72;4;A93;A101;2;A121;41;A152;1;A172;A201;2
0104600676;30;A34;A43;4530;A61;A74;4;A92;A101;4;A123;26;A151;1;A174;A201;1
0104600677;24;A34;A42;5150;A61;A75;4;A93;A101;4;A123;33;A152;1;A173;A201;1
0104600678;72;A32;A43;5595;A62;A73;2;A94;A101;2;A123;24;A152;1;A173;A201;2
0104600679;24;A32;A43;2384;A61;A75;4;A93;A101;4;A121;64;A151;1;A172;A201;1
0104600680;18;A32;A43;1453;A61;A72;3;A92;A101;1;A121;26;A152;1;A173;A201;1
0104600681;6;A32;A46;1538;A61;A72;1;A92;A101;2;A124;56;A152;1;A173;A201;1
0104600682;12;A32;A43;2279;A65;A73;4;A93;A101;4;A124;37;A153;1;A173;A201;1
0104600683;15;A33;A43;1478;A61;A73;4;A94;A101;3;A121;33;A152;2;A173;A201;1
0104600684;24;A34;A43;5103;A61;A72;3;A94;A101;3;A124;47;A153;3;A173;A201;1
0104600685;36;A33;A49;9857;A62;A74;1;A93;A101;3;A122;31;A152;2;A172;A201;1
0104600686;60;A32;A40;6527;A65;A73;4;A93;A101;4;A124;34;A153;1;A173;A201;1
0104600687;10;A34;A43;1347;A65;A74;4;A93;A101;2;A122;27;A152;2;A173;A201;1
0104600688;36;A33;A40;2862;A62;A75;4;A93;A101;3;A124;30;A153;1;A173;A201;1
0104600689;9;A32;A43;2753;A62;A75;3;A93;A102;4;A123;35;A152;1;A173;A201;1
0104600690;12;A32;A40;3651;A64;A73;1;A93;A101;3;A122;31;A152;1;A173;A201;1
0104600691;15;A34;A42;975;A61;A73;2;A91;A101;3;A122;25;A152;2;A173;A201;1
0104600692;15;A32;A45;2631;A62;A73;3;A92;A101;2;A121;25;A152;1;A172;A201;1
0104600693;24;A32;A43;2896;A62;A72;2;A93;A101;1;A123;29;A152;1;A173;A201;1
0104600694;6;A34;A40;4716;A65;A72;1;A93;A101;3;A121;44;A152;2;A172;A201;1
0104600695;24;A32;A43;2284;A61;A74;4;A93;A101;2;A123;28;A152;1;A173;A201;1
0104600696;6;A32;A41;1236;A63;A73;2;A93;A101;4;A122;50;A151;1;A173;A201;1
0104600697;12;A32;A43;1103;A61;A74;4;A93;A103;3;A121;29;A152;2;A173;A202;1
0104600698;12;A34;A40;926;A61;A71;1;A92;A101;2;A122;38;A152;1;A171;A201;1
0104600699;18;A34;A43;1800;A61;A73;4;A93;A101;2;A123;24;A152;2;A173;A201;1
0104600700;15;A32;A46;1905;A61;A75;4;A93;A101;4;A123;40;A151;1;A174;A201;1
0104600701;12;A32;A42;1123;A63;A73;4;A92;A101;4;A123;29;A151;1;A172;A201;2
0104600702;48;A34;A41;6331;A61;A75;4;A93;A101;4;A124;46;A153;2;A173;A201;2
0104600703;24;A32;A43;1377;A62;A75;4;A92;A101;2;A124;47;A153;1;A173;A201;1
0104600704;30;A33;A49;2503;A62;A75;4;A93;A101;2;A122;41;A152;2;A173;A201;1
0104600705;27;A32;A49;2528;A61;A72;4;A92;A101;1;A122;32;A152;1;A173;A201;1
0104600706;15;A32;A40;5324;A63;A75;1;A92;A101;4;A124;35;A153;1;A173;A201;1
0104600707;48;A32;A40;6560;A62;A74;3;A93;A101;2;A122;24;A152;1;A173;A201;2
0104600708;12;A30;A42;2969;A61;A72;4;A92;A101;3;A122;25;A151;2;A173;A201;2
0104600709;9;A32;A43;1206;A61;A75;4;A92;A101;4;A121;25;A152;1;A173;A201;1
0104600710;9;A32;A43;2118;A61;A73;2;A93;A101;2;A121;37;A152;1;A172;A201;1
0104600711;18;A34;A43;629;A63;A75;4;A93;A101;3;A122;32;A152;2;A174;A201;1
0104600712;6;A31;A46;1198;A61;A75;4;A92;A101;4;A124;35;A153;1;A173;A201;2
0104600713;21;A32;A41;2476;A65;A75;4;A93;A101;4;A121;46;A152;1;A174;A201;1
0104600714;9;A34;A43;1138;A61;A73;4;A93;A101;4;A121;25;A152;2;A172;A201;1
0104600715;60;A32;A40;14027;A61;A74;4;A93;A101;2;A124;27;A152;1;A174;A201;2
0104600716;30;A34;A41;7596;A65;A75;1;A93;A101;4;A123;63;A152;2;A173;A201;1
0104600717;30;A34;A43;3077;A65;A75;3;A93;A101;2;A123;40;A152;2;A173;A201;1
0104600718;18;A32;A43;1505;A61;A73;4;A93;A101;2;A124;32;A153;1;A174;A201;1
0104600719;24;A34;A43;3148;A65;A73;3;A93;A101;2;A123;31;A152;2;A173;A201;1
0104600720;20;A30;A41;6148;A62;A75;3;A94;A101;4;A123;31;A152;2;A173;A201;1
0104600721;9;A30;A43;1337;A61;A72;4;A93;A101;2;A123;34;A152;2;A174;A201;2
0104600722;6;A31;A46;433;A64;A72;4;A92;A101;2;A122;24;A151;1;A173;A201;2
0104600723;12;A32;A40;1228;A61;A73;4;A92;A101;2;A121;24;A152;1;A172;A201;2
0104600724;9;A32;A43;790;A63;A73;4;A92;A101;3;A121;66;A152;1;A172;A201;1
0104600725;27;A32;A40;2570;A61;A73;3;A92;A101;3;A121;21;A151;1;A173;A201;2
0104600726;6;A34;A40;250;A64;A73;2;A92;A101;2;A121;41;A152;2;A172;A201;1
0104600727;15;A34;A43;1316;A63;A73;2;A94;A101;2;A122;47;A152;2;A172;A201;1
0104600728;18;A32;A43;1882;A61;A73;4;A92;A101;4;A123;25;A151;2;A173;A201;2
0104600729;48;A31;A49;6416;A61;A75;4;A92;A101;3;A124;59;A151;1;A173;A201;2
0104600730;24;A34;A49;1275;A64;A73;2;A91;A101;4;A121;36;A152;2;A173;A201;1
0104600731;24;A33;A43;6403;A61;A72;1;A93;A101;2;A123;33;A152;1;A173;A201;1
0104600732;24;A32;A43;1987;A61;A73;2;A93;A101;4;A121;21;A151;1;A172;A201;2
0104600733;8;A32;A43;760;A61;A74;4;A92;A103;2;A121;44;A152;1;A172;A201;1
0104600734;24;A32;A41;2603;A64;A73;2;A92;A101;4;A123;28;A151;1;A173;A201;1
0104600735;4;A34;A40;3380;A61;A74;1;A92;A101;1;A121;37;A152;1;A173;A201;1
0104600736;36;A31;A44;3990;A65;A72;3;A92;A101;2;A124;29;A152;1;A171;A201;1
0104600737;24;A32;A41;11560;A61;A73;1;A92;A101;4;A123;23;A151;2;A174;A201;2
0104600738;18;A32;A40;4380;A62;A73;3;A93;A101;4;A123;35;A152;1;A172;A201;1
0104600739;6;A34;A40;6761;A61;A74;1;A93;A101;3;A124;45;A152;2;A174;A201;1
0104600740;30;A30;A49;4280;A62;A73;4;A92;A101;4;A123;26;A151;2;A172;A201;2
0104600741;24;A31;A40;2325;A62;A74;2;A93;A101;3;A123;32;A152;1;A173;A201;1
0104600742;10;A31;A43;1048;A61;A73;4;A93;A101;4;A121;23;A152;1;A172;A201;1
0104600743;21;A32;A43;3160;A65;A75;4;A93;A101;3;A122;41;A152;1;A173;A201;1
0104600744;24;A31;A42;2483;A63;A73;4;A93;A101;4;A121;22;A152;1;A173;A201;1
0104600745;39;A34;A42;14179;A65;A74;4;A93;A101;4;A122;30;A152;2;A174;A201;1
0104600746;13;A34;A49;1797;A61;A72;3;A93;A101;1;A122;28;A152;2;A172;A201;1
0104600747;15;A32;A40;2511;A61;A71;1;A92;A101;4;A123;23;A151;1;A173;A201;1
0104600748;12;A32;A40;1274;A61;A72;3;A92;A101;1;A121;37;A152;1;A172;A201;2
0104600749;21;A32;A41;5248;A65;A73;1;A93;A101;3;A123;26;A152;1;A173;A201;1
0104600750;15;A32;A41;3029;A61;A74;2;A93;A101;2;A123;33;A152;1;A173;A201;1
0104600751;6;A32;A42;428;A61;A75;2;A92;A101;1;A122;49;A152;1;A173;A201;1
0104600752;18;A32;A40;976;A61;A72;1;A92;A101;2;A123;23;A152;1;A172;A201;2
0104600753;12;A32;A49;841;A62;A74;2;A92;A101;4;A121;23;A151;1;A172;A201;1
0104600754;30;A34;A43;5771;A61;A74;4;A92;A101;2;A123;25;A152;2;A173;A201;1
0104600755;12;A33;A45;1555;A64;A75;4;A93;A101;4;A124;55;A153;2;A173;A201;2
0104600756;24;A32;A40;1285;A65;A74;4;A92;A101;4;A124;32;A151;1;A173;A201;2
0104600757;6;A34;A40;1299;A61;A73;1;A93;A101;1;A121;74;A152;3;A171;A202;1
0104600758;15;A34;A43;1271;A65;A73;3;A93;A101;4;A124;39;A153;2;A173;A201;2
0104600759;24;A32;A40;1393;A61;A73;2;A93;A103;2;A121;31;A152;1;A173;A201;1
0104600760;12;A34;A40;691;A61;A75;4;A93;A101;3;A122;35;A152;2;A173;A201;2
0104600761;15;A34;A40;5045;A65;A75;1;A92;A101;4;A123;59;A152;1;A173;A201;1
0104600762;18;A34;A42;2124;A61;A73;4;A92;A101;4;A121;24;A151;2;A173;A201;2
0104600763;12;A32;A43;2214;A61;A73;4;A93;A101;3;A122;24;A152;1;A172;A201;1
0104600764;21;A34;A40;12680;A65;A75;4;A93;A101;4;A124;30;A153;1;A174;A201;2
0104600765;24;A34;A40;2463;A62;A74;4;A94;A101;3;A122;27;A152;2;A173;A201;1
0104600766;12;A32;A43;1155;A61;A75;3;A94;A103;3;A121;40;A152;2;A172;A201;1
0104600767;30;A32;A42;3108;A61;A72;2;A91;A101;4;A122;31;A152;1;A172;A201;2
0104600768;10;A32;A41;2901;A65;A72;1;A92;A101;4;A121;31;A151;1;A173;A201;1
0104600769;12;A34;A42;3617;A61;A75;1;A93;A101;4;A123;28;A151;3;A173;A201;1
0104600770;12;A34;A43;1655;A61;A75;2;A93;A101;4;A121;63;A152;2;A172;A201;1
0104600771;24;A32;A41;2812;A65;A75;2;A92;A101;4;A121;26;A151;1;A173;A201;1
0104600772;36;A34;A46;8065;A61;A73;3;A92;A101;2;A124;25;A152;2;A174;A201;2
0104600773;21;A34;A41;3275;A61;A75;1;A93;A101;4;A123;36;A152;1;A174;A201;1
0104600774;24;A34;A43;2223;A62;A75;4;A93;A101;4;A122;52;A152;2;A173;A201;1
0104600775;12;A34;A40;1480;A63;A71;2;A93;A101;4;A124;66;A153;3;A171;A201;1
0104600776;24;A32;A40;1371;A65;A73;4;A92;A101;4;A121;25;A151;1;A173;A201;2
0104600777;36;A34;A40;3535;A61;A74;4;A93;A101;4;A123;37;A152;2;A173;A201;1
0104600778;18;A32;A43;3509;A61;A74;4;A92;A103;1;A121;25;A152;1;A173;A201;1
0104600779;36;A34;A41;5711;A64;A75;4;A93;A101;2;A123;38;A152;2;A174;A201;1
0104600780;18;A32;A45;3872;A61;A71;2;A92;A101;4;A123;67;A152;1;A173;A201;1
0104600781;39;A34;A43;4933;A61;A74;2;A93;A103;2;A121;25;A152;2;A173;A201;2
0104600782;24;A34;A40;1940;A64;A75;4;A93;A101;4;A121;60;A152;1;A173;A201;1
0104600783;12;A30;A48;1410;A61;A73;2;A93;A101;2;A121;31;A152;1;A172;A201;1
0104600784;12;A32;A40;836;A62;A72;4;A92;A101;2;A122;23;A152;1;A172;A201;2
0104600785;20;A32;A41;6468;A65;A71;1;A91;A101;4;A121;60;A152;1;A174;A201;1
0104600786;18;A32;A49;1941;A64;A73;4;A93;A101;2;A122;35;A152;1;A172;A201;1
0104600787;22;A32;A43;2675;A63;A75;3;A93;A101;4;A123;40;A152;1;A173;A201;1
0104600788;48;A34;A41;2751;A65;A75;4;A93;A101;3;A123;38;A152;2;A173;A201;1
0104600789;48;A33;A46;6224;A61;A75;4;A93;A101;4;A124;50;A153;1;A173;A201;2
0104600790;40;A34;A46;5998;A61;A73;4;A93;A101;3;A124;27;A152;1;A173;A201;2
0104600791;21;A32;A49;1188;A61;A75;2;A92;A101;4;A122;39;A152;1;A173;A201;2
0104600792;24;A32;A41;6313;A65;A75;3;A93;A101;4;A123;41;A152;1;A174;A201;1
0104600793;6;A34;A42;1221;A65;A73;1;A94;A101;2;A122;27;A152;2;A173;A201;1
0104600794;24;A32;A42;2892;A61;A75;3;A91;A101;4;A124;51;A153;1;A173;A201;1
0104600795;24;A32;A42;3062;A63;A75;4;A93;A101;3;A124;32;A151;1;A173;A201;1
0104600796;9;A32;A42;2301;A62;A72;2;A92;A101;4;A122;22;A151;1;A173;A201;1
0104600797;18;A32;A41;7511;A65;A75;1;A93;A101;4;A122;51;A153;1;A173;A201;2
0104600798;12;A34;A42;1258;A61;A72;2;A92;A101;4;A122;22;A151;2;A172;A201;1
0104600799;24;A33;A40;717;A65;A75;4;A94;A101;4;A123;54;A152;2;A173;A201;1
0104600800;9;A32;A40;1549;A65;A72;4;A93;A101;2;A121;35;A152;1;A171;A201;1
0104600801;24;A34;A46;1597;A61;A75;4;A93;A101;4;A124;54;A153;2;A173;A201;1
0104600802;18;A34;A43;1795;A61;A75;3;A92;A103;4;A121;48;A151;2;A172;A201;1
0104600803;20;A34;A42;4272;A61;A75;1;A92;A101;4;A122;24;A152;2;A173;A201;1
0104600804;12;A34;A43;976;A65;A75;4;A93;A101;4;A123;35;A152;2;A173;A201;1
0104600805;12;A32;A40;7472;A65;A71;1;A92;A101;2;A121;24;A151;1;A171;A201;1
0104600806;36;A32;A40;9271;A61;A74;2;A93;A101;1;A123;24;A152;1;A173;A201;2
0104600807;6;A32;A43;590;A61;A72;3;A94;A101;3;A121;26;A152;1;A172;A202;1
0104600808;12;A34;A43;930;A65;A75;4;A93;A101;4;A121;65;A152;4;A173;A201;1
0104600809;42;A31;A41;9283;A61;A71;1;A93;A101;2;A124;55;A153;1;A174;A201;1
0104600810;15;A30;A40;1778;A61;A72;2;A92;A101;1;A121;26;A151;2;A171;A201;2
0104600811;8;A32;A49;907;A61;A72;3;A94;A101;2;A121;26;A152;1;A173;A201;1
0104600812;6;A32;A43;484;A61;A74;3;A94;A103;3;A121;28;A152;1;A172;A201;1
0104600813;36;A34;A41;9629;A61;A74;4;A93;A101;4;A123;24;A152;2;A173;A201;2
0104600814;48;A32;A44;3051;A61;A73;3;A93;A101;4;A123;54;A152;1;A173;A201;2
0104600815;48;A32;A40;3931;A61;A74;4;A93;A101;4;A124;46;A153;1;A173;A201;2
0104600816;36;A33;A40;7432;A61;A73;2;A92;A101;2;A122;54;A151;1;A173;A201;1
0104600817;6;A32;A44;1338;A63;A73;1;A91;A101;4;A121;62;A152;1;A173;A201;1
0104600818;6;A34;A43;1554;A61;A74;1;A92;A101;2;A123;24;A151;2;A173;A201;1
0104600819;36;A32;A410;15857;A61;A71;2;A91;A102;3;A123;43;A152;1;A174;A201;1
0104600820;18;A32;A43;1345;A61;A73;4;A94;A101;3;A121;26;A152;1;A173;A201;2
0104600821;12;A32;A40;1101;A61;A73;3;A94;A101;2;A121;27;A152;2;A173;A201;1
0104600822;12;A32;A43;3016;A61;A73;3;A94;A101;1;A123;24;A152;1;A173;A201;1
0104600823;36;A32;A42;2712;A61;A75;2;A93;A101;2;A122;41;A152;1;A173;A201;2
0104600824;8;A34;A40;731;A61;A75;4;A93;A101;4;A121;47;A152;2;A172;A201;1
0104600825;18;A34;A42;3780;A61;A72;3;A91;A101;2;A123;35;A152;2;A174;A201;1
0104600826;21;A34;A40;1602;A61;A75;4;A94;A101;3;A123;30;A152;2;A173;A201;1
0104600827;18;A34;A40;3966;A61;A75;1;A92;A101;4;A121;33;A151;3;A173;A201;2
0104600828;18;A30;A49;4165;A61;A73;2;A93;A101;2;A123;36;A152;2;A173;A201;2
0104600829;36;A32;A41;8335;A65;A75;3;A93;A101;4;A124;47;A153;1;A173;A201;2
0104600830;48;A33;A49;6681;A65;A73;4;A93;A101;4;A124;38;A153;1;A173;A201;1
0104600831;24;A33;A49;2375;A63;A73;4;A93;A101;2;A123;44;A152;2;A173;A201;1
0104600832;18;A32;A40;1216;A61;A72;4;A92;A101;3;A123;23;A151;1;A173;A201;2
0104600833;45;A30;A49;11816;A61;A75;2;A93;A101;4;A123;29;A151;2;A173;A201;2
0104600834;24;A32;A43;5084;A65;A75;2;A92;A101;4;A123;42;A152;1;A173;A201;1
0104600835;15;A32;A43;2327;A61;A72;2;A92;A101;3;A121;25;A152;1;A172;A201;2
0104600836;12;A30;A40;1082;A61;A73;4;A93;A101;4;A123;48;A152;2;A173;A201;2
0104600837;12;A32;A43;886;A65;A73;4;A92;A101;2;A123;21;A152;1;A173;A201;1
0104600838;4;A32;A42;601;A61;A72;1;A92;A101;3;A121;23;A151;1;A172;A201;1
0104600839;24;A34;A41;2957;A61;A75;4;A93;A101;4;A122;63;A152;2;A173;A201;1
0104600840;24;A34;A43;2611;A61;A75;4;A94;A102;3;A121;46;A152;2;A173;A201;1
0104600841;36;A32;A42;5179;A61;A74;4;A93;A101;2;A122;29;A152;1;A173;A201;2
0104600842;21;A33;A41;2993;A61;A73;3;A93;A101;2;A121;28;A152;2;A172;A201;1
0104600843;18;A32;A45;1943;A61;A72;4;A92;A101;4;A121;23;A152;1;A173;A201;2
0104600844;24;A31;A49;1559;A61;A74;4;A93;A101;4;A123;50;A152;1;A173;A201;1
0104600845;18;A32;A42;3422;A61;A75;4;A93;A101;4;A122;47;A152;3;A173;A201;1
0104600846;21;A32;A42;3976;A65;A74;2;A93;A101;3;A123;35;A152;1;A173;A201;1
0104600847;18;A32;A40;6761;A65;A73;2;A93;A101;4;A123;68;A151;2;A173;A201;2
0104600848;24;A32;A40;1249;A61;A72;4;A94;A101;2;A121;28;A152;1;A173;A201;1
0104600849;9;A32;A43;1364;A61;A74;3;A93;A101;4;A121;59;A152;1;A173;A201;1
0104600850;12;A32;A43;709;A61;A75;4;A93;A101;4;A121;57;A152;1;A172;A201;2
0104600851;20;A34;A40;2235;A61;A73;4;A94;A103;2;A122;33;A151;2;A173;A202;2
0104600852;24;A34;A41;4042;A65;A74;3;A93;A101;4;A122;43;A152;2;A173;A201;1
0104600853;15;A34;A43;1471;A61;A73;4;A93;A101;4;A124;35;A153;2;A173;A201;1
0104600854;18;A31;A40;1442;A61;A74;4;A93;A101;4;A124;32;A153;2;A172;A201;2
0104600855;36;A33;A40;10875;A61;A75;2;A93;A101;2;A123;45;A152;2;A173;A201;1
0104600856;24;A32;A40;1474;A62;A72;4;A94;A101;3;A121;33;A152;1;A173;A201;1
0104600857;10;A32;A48;894;A65;A74;4;A92;A101;3;A122;40;A152;1;A173;A201;1
0104600858;15;A34;A42;3343;A61;A73;4;A93;A101;2;A124;28;A153;1;A173;A201;1
0104600859;15;A32;A40;3959;A61;A73;3;A92;A101;2;A122;29;A152;1;A173;A201;2
0104600860;9;A32;A40;3577;A62;A73;1;A93;A103;2;A121;26;A151;1;A173;A202;1
0104600861;24;A34;A41;5804;A64;A73;4;A93;A101;2;A121;27;A152;2;A173;A201;1
0104600862;18;A33;A49;2169;A61;A73;4;A94;A101;2;A123;28;A152;1;A173;A201;2
0104600863;24;A32;A43;2439;A61;A72;4;A92;A101;4;A121;35;A152;1;A173;A201;2
0104600864;27;A34;A42;4526;A64;A72;4;A93;A101;2;A121;32;A152;2;A172;A201;1
0104600865;10;A32;A42;2210;A61;A73;2;A93;A101;2;A121;25;A151;1;A172;A201;2
0104600866;15;A32;A42;2221;A63;A73;2;A92;A101;4;A123;20;A151;1;A173;A201;1
0104600867;18;A32;A43;2389;A61;A72;4;A92;A101;1;A123;27;A152;1;A173;A201;1
0104600868;12;A34;A42;3331;A61;A75;2;A93;A101;4;A122;42;A152;1;A173;A201;1
0104600869;36;A32;A49;7409;A65;A75;3;A93;A101;2;A122;37;A152;2;A173;A201;1
0104600870;12;A32;A42;652;A61;A75;4;A92;A101;4;A122;24;A151;1;A173;A201;1
0104600871;36;A33;A42;7678;A63;A74;2;A92;A101;4;A123;40;A152;2;A173;A201;1
0104600872;6;A34;A40;1343;A61;A75;1;A93;A101;4;A121;46;A152;2;A173;A202;1
0104600873;24;A34;A49;1382;A62;A74;4;A93;A101;1;A121;26;A152;2;A173;A201;1
0104600874;15;A32;A44;874;A65;A72;4;A92;A101;1;A121;24;A152;1;A173;A201;1
0104600875;12;A32;A42;3590;A61;A73;2;A93;A102;2;A122;29;A152;1;A172;A201;1
0104600876;11;A34;A40;1322;A64;A73;4;A92;A101;4;A123;40;A152;2;A173;A201;1
0104600877;18;A31;A43;1940;A61;A72;3;A93;A102;4;A124;36;A153;1;A174;A201;1
0104600878;36;A32;A43;3595;A61;A75;4;A93;A101;2;A123;28;A152;1;A173;A201;1
0104600879;9;A32;A40;1422;A61;A72;3;A93;A101;2;A124;27;A153;1;A174;A201;2
0104600880;30;A34;A43;6742;A65;A74;2;A93;A101;3;A122;36;A152;2;A173;A201;1
0104600881;24;A32;A41;7814;A61;A74;3;A93;A101;3;A123;38;A152;1;A174;A201;1
0104600882;24;A32;A41;9277;A65;A73;2;A91;A101;4;A124;48;A153;1;A173;A201;1
0104600883;30;A34;A40;2181;A65;A75;4;A93;A101;4;A121;36;A152;2;A173;A201;1
0104600884;18;A34;A43;1098;A61;A71;4;A92;A101;4;A123;65;A152;2;A171;A201;1
0104600885;24;A32;A42;4057;A61;A74;3;A91;A101;3;A123;43;A152;1;A173;A201;2
0104600886;12;A32;A46;795;A61;A72;4;A92;A101;4;A122;53;A152;1;A173;A201;2
0104600887;24;A34;A49;2825;A65;A74;4;A93;A101;3;A124;34;A152;2;A173;A201;1
0104600888;48;A32;A49;15672;A61;A73;2;A93;A101;2;A123;23;A152;1;A173;A201;2
0104600889;36;A34;A40;6614;A61;A75;4;A93;A101;4;A123;34;A152;2;A174;A201;1
0104600890;28;A31;A41;7824;A65;A72;3;A93;A103;4;A121;40;A151;2;A173;A201;1
0104600891;27;A34;A49;2442;A61;A75;4;A93;A101;4;A123;43;A152;4;A174;A201;1
0104600892;15;A34;A43;1829;A61;A75;4;A93;A101;4;A123;46;A152;2;A173;A201;1
0104600893;12;A34;A40;2171;A61;A73;4;A93;A101;4;A122;38;A152;2;A172;A202;1
0104600894;36;A34;A41;5800;A61;A73;3;A93;A101;4;A123;34;A152;2;A173;A201;1
0104600895;18;A34;A43;1169;A65;A73;4;A93;A101;3;A122;29;A152;2;A173;A201;1
0104600896;36;A33;A41;8947;A65;A74;3;A93;A101;2;A123;31;A152;1;A174;A201;1
0104600897;21;A32;A43;2606;A61;A72;4;A92;A101;4;A122;28;A151;1;A174;A201;1
0104600898;12;A34;A42;1592;A64;A74;3;A92;A101;2;A122;35;A152;1;A173;A202;1
0104600899;15;A32;A42;2186;A65;A74;1;A92;A101;4;A121;33;A151;1;A172;A201;1
0104600900;18;A32;A42;4153;A61;A73;2;A93;A102;3;A123;42;A152;1;A173;A201;2
0104600901;16;A34;A40;2625;A61;A75;2;A93;A103;4;A122;43;A151;1;A173;A201;2
0104600902;20;A34;A40;3485;A65;A72;2;A91;A101;4;A121;44;A152;2;A173;A201;1
0104600903;36;A34;A41;10477;A65;A75;2;A93;A101;4;A124;42;A153;2;A173;A201;1
0104600904;15;A32;A43;1386;A65;A73;4;A94;A101;2;A121;40;A151;1;A173;A201;1
0104600905;24;A32;A43;1278;A61;A75;4;A93;A101;1;A121;36;A152;1;A174;A201;1
0104600906;12;A32;A43;1107;A61;A73;2;A93;A101;2;A121;20;A151;1;A174;A201;1
0104600907;21;A32;A40;3763;A65;A74;2;A93;A102;2;A121;24;A152;1;A172;A202;1
0104600908;36;A32;A46;3711;A65;A73;2;A94;A101;2;A123;27;A152;1;A173;A201;1
0104600909;15;A33;A41;3594;A61;A72;1;A92;A101;2;A122;46;A152;2;A172;A201;1
0104600910;9;A32;A40;3195;A65;A73;1;A92;A101;2;A121;33;A152;1;A172;A201;1
0104600911;36;A33;A43;4454;A61;A73;4;A92;A101;4;A121;34;A152;2;A173;A201;1
0104600912;24;A34;A42;4736;A61;A72;2;A92;A101;4;A123;25;A152;1;A172;A201;2
0104600913;30;A32;A43;2991;A65;A75;2;A92;A101;4;A123;25;A152;1;A173;A201;1
0104600914;11;A32;A49;2142;A64;A75;1;A91;A101;2;A121;28;A152;1;A173;A201;1
0104600915;24;A31;A49;3161;A61;A73;4;A93;A101;2;A122;31;A151;1;A173;A201;2
0104600916;48;A30;A410;18424;A61;A73;1;A92;A101;2;A122;32;A152;1;A174;A202;2
0104600917;10;A32;A41;2848;A62;A73;1;A93;A102;2;A121;32;A152;1;A173;A201;1
0104600918;6;A32;A40;14896;A61;A75;1;A93;A101;4;A124;68;A152;1;A174;A201;2
0104600919;24;A32;A42;2359;A62;A71;1;A91;A101;1;A122;33;A152;1;A173;A201;2
0104600920;24;A32;A42;3345;A61;A75;4;A93;A101;2;A122;39;A151;1;A174;A201;2
0104600921;18;A34;A42;1817;A61;A73;4;A92;A101;2;A124;28;A152;2;A173;A201;1
0104600922;48;A33;A43;12749;A63;A74;4;A93;A101;1;A123;37;A152;1;A174;A201;1
0104600923;9;A32;A43;1366;A61;A72;3;A92;A101;4;A122;22;A151;1;A173;A201;2
0104600924;12;A32;A40;2002;A61;A74;3;A93;A101;4;A122;30;A151;1;A173;A201;1
0104600925;24;A31;A42;6872;A61;A72;2;A91;A101;1;A122;55;A152;1;A173;A201;2
0104600926;12;A31;A40;697;A61;A72;4;A93;A101;2;A123;46;A152;2;A173;A201;2
0104600927;18;A34;A42;1049;A61;A72;4;A92;A101;4;A122;21;A151;1;A173;A201;1
0104600928;48;A32;A41;10297;A61;A74;4;A93;A101;4;A124;39;A153;3;A173;A201;2
0104600929;30;A32;A43;1867;A65;A75;4;A93;A101;4;A123;58;A152;1;A173;A201;1
0104600930;12;A33;A40;1344;A61;A73;4;A93;A101;2;A121;43;A152;2;A172;A201;1
0104600931;24;A32;A42;1747;A61;A72;4;A93;A102;1;A122;24;A152;1;A172;A202;1
0104600932;9;A32;A43;1670;A61;A72;4;A92;A101;2;A123;22;A152;1;A173;A201;2
0104600933;9;A34;A40;1224;A61;A73;3;A93;A101;1;A121;30;A152;2;A173;A201;1
0104600934;12;A34;A43;522;A63;A75;4;A93;A101;4;A122;42;A152;2;A173;A201;1
0104600935;12;A32;A43;1498;A61;A73;4;A92;A101;1;A123;23;A152;1;A173;A201;1
0104600936;30;A33;A43;1919;A62;A72;4;A93;A101;3;A124;30;A152;2;A174;A201;2
0104600937;9;A32;A43;745;A61;A73;3;A92;A101;2;A121;28;A152;1;A172;A201;2
0104600938;6;A32;A43;2063;A61;A72;4;A94;A101;3;A123;30;A151;1;A174;A201;1
0104600939;60;A32;A46;6288;A61;A73;4;A93;A101;4;A124;42;A153;1;A173;A201;2
0104600940;24;A34;A41;6842;A65;A73;2;A93;A101;4;A122;46;A152;2;A174;A201;1
0104600941;12;A32;A40;3527;A65;A72;2;A93;A101;3;A122;45;A152;1;A174;A201;1
0104600942;10;A32;A40;1546;A61;A73;3;A93;A101;2;A121;31;A152;1;A172;A202;1
0104600943;24;A32;A42;929;A65;A74;4;A93;A101;2;A123;31;A152;1;A173;A201;1
0104600944;4;A34;A40;1455;A61;A74;2;A93;A101;1;A121;42;A152;3;A172;A201;1
0104600945;15;A32;A42;1845;A61;A72;4;A92;A103;1;A122;46;A151;1;A173;A201;1
0104600946;48;A30;A40;8358;A63;A72;1;A92;A101;1;A123;30;A152;2;A173;A201;1
0104600947;24;A31;A42;3349;A63;A72;4;A93;A101;4;A124;30;A153;1;A173;A201;2
0104600948;12;A32;A40;2859;A65;A71;4;A93;A101;4;A124;38;A152;1;A174;A201;1
0104600949;18;A32;A42;1533;A61;A72;4;A94;A102;1;A122;43;A152;1;A172;A201;2
0104600950;24;A32;A43;3621;A62;A75;2;A93;A101;4;A123;31;A152;2;A173;A201;2
0104600951;18;A34;A49;3590;A61;A71;3;A94;A101;3;A123;40;A152;3;A171;A201;1
0104600952;36;A33;A49;2145;A61;A74;2;A93;A101;1;A123;24;A152;2;A173;A201;2
0104600953;24;A32;A41;4113;A63;A72;3;A92;A101;4;A123;28;A151;1;A173;A201;2
0104600954;36;A32;A42;10974;A61;A71;4;A92;A101;2;A123;26;A152;2;A174;A201;2
0104600955;12;A32;A40;1893;A61;A73;4;A92;A103;4;A122;29;A152;1;A173;A201;1
0104600956;24;A34;A43;1231;A64;A75;4;A92;A101;4;A122;57;A151;2;A174;A201;1
0104600957;30;A34;A43;3656;A65;A75;4;A93;A101;4;A122;49;A152;2;A172;A201;1
0104600958;9;A34;A43;1154;A61;A75;2;A93;A101;4;A121;37;A152;3;A172;A201;1
0104600959;28;A32;A40;4006;A61;A73;3;A93;A101;2;A123;45;A152;1;A172;A201;2
0104600960;24;A32;A42;3069;A62;A75;4;A93;A101;4;A124;30;A153;1;A173;A201;1
0104600961;6;A34;A43;1740;A61;A75;2;A94;A101;2;A121;30;A151;2;A173;A201;1
0104600962;21;A33;A40;2353;A61;A73;1;A91;A101;4;A122;47;A152;2;A173;A201;1
0104600963;15;A32;A40;3556;A65;A73;3;A93;A101;2;A124;29;A152;1;A173;A201;1
0104600964;24;A32;A43;2397;A63;A75;3;A93;A101;2;A123;35;A152;2;A173;A201;2
0104600965;6;A32;A45;454;A61;A72;3;A94;A101;1;A122;22;A152;1;A172;A201;1
0104600966;30;A32;A43;1715;A65;A73;4;A92;A101;1;A123;26;A152;1;A173;A201;1
0104600967;27;A34;A43;2520;A63;A73;4;A93;A101;2;A122;23;A152;2;A172;A201;2
0104600968;15;A32;A43;3568;A61;A75;4;A92;A101;2;A123;54;A151;1;A174;A201;1
0104600969;42;A32;A43;7166;A65;A74;2;A94;A101;4;A122;29;A151;1;A173;A201;1
0104600970;11;A34;A40;3939;A61;A73;1;A93;A101;2;A121;40;A152;2;A172;A201;1
0104600971;15;A32;A45;1514;A62;A73;4;A93;A103;2;A121;22;A152;1;A173;A201;1
0104600972;24;A32;A40;7393;A61;A73;1;A93;A101;4;A122;43;A152;1;A172;A201;1
0104600973;24;A31;A40;1193;A61;A71;1;A92;A102;4;A124;29;A151;2;A171;A201;2
0104600974;60;A32;A49;7297;A61;A75;4;A93;A102;4;A124;36;A151;1;A173;A201;2
0104600975;30;A34;A43;2831;A61;A73;4;A92;A101;2;A123;33;A152;1;A173;A201;1
0104600976;24;A32;A43;1258;A63;A73;3;A92;A101;3;A123;57;A152;1;A172;A201;1
0104600977;6;A32;A43;753;A61;A73;2;A92;A103;3;A121;64;A152;1;A173;A201;1
0104600978;18;A33;A49;2427;A65;A75;4;A93;A101;2;A122;42;A152;2;A173;A201;1
0104600979;24;A33;A40;2538;A61;A75;4;A93;A101;4;A123;47;A152;2;A172;A201;2
0104600980;15;A31;A40;1264;A62;A73;2;A94;A101;2;A122;25;A151;1;A173;A201;2
0104600981;30;A34;A42;8386;A61;A74;2;A93;A101;2;A122;49;A152;1;A173;A201;2
0104600982;48;A32;A49;4844;A61;A71;3;A93;A101;2;A123;33;A151;1;A174;A201;2
0104600983;21;A32;A40;2923;A62;A73;1;A92;A101;1;A123;28;A152;1;A174;A201;1
0104600984;36;A32;A41;8229;A61;A73;2;A93;A101;2;A122;26;A152;1;A173;A201;2
0104600985;24;A34;A42;2028;A61;A74;2;A93;A101;2;A122;30;A152;2;A172;A201;1
0104600986;15;A34;A42;1433;A61;A73;4;A92;A101;3;A122;25;A151;2;A173;A201;1
0104600987;42;A30;A49;6289;A61;A72;2;A91;A101;1;A122;33;A152;2;A173;A201;1
0104600988;13;A32;A43;1409;A62;A71;2;A92;A101;4;A121;64;A152;1;A173;A201;1
0104600989;24;A32;A41;6579;A61;A71;4;A93;A101;2;A124;29;A153;1;A174;A201;1
0104600990;24;A34;A43;1743;A61;A75;4;A93;A101;2;A122;48;A152;2;A172;A201;1
0104600991;12;A34;A46;3565;A65;A72;2;A93;A101;1;A122;37;A152;2;A172;A201;1
0104600992;15;A31;A43;1569;A62;A75;4;A93;A101;4;A123;34;A152;1;A172;A201;1
0104600993;18;A32;A43;1936;A65;A74;2;A94;A101;4;A123;23;A151;2;A172;A201;1
0104600994;36;A32;A42;3959;A61;A71;4;A93;A101;3;A122;30;A152;1;A174;A201;1
0104600995;12;A32;A40;2390;A65;A75;4;A93;A101;3;A123;50;A152;1;A173;A201;1
0104600996;12;A32;A42;1736;A61;A74;3;A92;A101;4;A121;31;A152;1;A172;A201;1
0104600997;30;A32;A41;3857;A61;A73;4;A91;A101;4;A122;40;A152;1;A174;A201;1
0104600998;12;A32;A43;804;A61;A75;4;A93;A101;4;A123;38;A152;1;A173;A201;1
0104600999;45;A32;A43;1845;A61;A73;4;A93;A101;4;A124;23;A153;1;A173;A201;2
0104601000;45;A34;A41;4576;A62;A71;3;A93;A101;4;A123;27;A152;1;A173;A201;1
